ID,Player,WAR/pos,Year,Age,Tm,Lg,G,PA,AB,R,H,2B,3B,HR,RBI,BB,IBB,SO,HBP,SH,SF,GDP,SB,CS,BA,OBP,SLG,OPS,Pos
1,A.J. Achter\achteaj01,0.0,2016,27,LAA,AL,27,0,0,0,0,0,0,0,0.0,0,0.0,0.0,0.0,0.0,0.0,0.0,0.0,0.0,,,,,*1
4,A.J. Griffin\griffaj01,0.0,2016,28,TEX,AL,23,2,2,0,0,0,0,0,0.0,0,0.0,2.0,0.0,0.0,0.0,0.0,0.0,0.0,0.0,0.0,0.0,0.0,*1
9,A.J. Reed\reedaj01,-0.6,2016,23,HOU,AL,45,141,122,11,20,3,0,3,8.0,18,0.0,48.0,0.0,0.0,1.0,1.0,0.0,0.0,0.164,0.27,0.262,0.532,*3/DH
13,Aaron Hicks\hicksaa01,-0.3,2016,26,NYY,AL,123,361,327,32,71,13,1,8,31.0,30,1.0,68.0,0.0,1.0,3.0,7.0,3.0,4.0,0.217,0.281,0.336,0.617,*978H/D
15,Aaron Judge\judgeaa01,-0.4,2016,24,NYY,AL,27,95,84,10,15,2,0,4,10.0,9,0.0,42.0,1.0,0.0,1.0,2.0,0.0,1.0,0.179,0.263,0.345,0.608,*9/H
16,Aaron Loup\loupaa01,,2016,28,TOR,AL,21,0,0,0,0,0,0,0,,0,,,,,,,,,,,,,*1
18,Aaron Sanchez\sanchaa01,-0.1,2016,23,TOR,AL,30,10,9,0,0,0,0,0,0.0,1,0.0,5.0,0.0,0.0,0.0,0.0,0.0,0.0,0.0,0.1,0.0,0.1,*1
20,Abraham Almonte\almonab01,0.7,2016,27,CLE,AL,67,194,182,24,48,20,1,1,22.0,8,1.0,42.0,1.0,0.0,3.0,5.0,8.0,0.0,0.264,0.294,0.401,0.695,*9*7H/8
21,Adalberto Mejia\mejiaad01,,2016,23,MIN,AL,1,0,0,0,0,0,0,0,,0,,,,,,,,,,,,,/*1
24,Adam Eaton\eatonad02,6.2,2016,27,CHW,AL,157,706,619,91,176,29,9,14,59.0,63,2.0,115.0,14.0,7.0,3.0,6.0,14.0,5.0,0.284,0.362,0.428,0.79,*98/HD7
26,Adam Jones\jonesad01,1.1,2016,30,BAL,AL,152,672,619,86,164,19,0,29,83.0,39,2.0,115.0,5.0,1.0,8.0,13.0,2.0,0.0,0.265,0.31,0.436,0.746,*8
28,Adam Lind\lindad01,-0.3,2016,32,SEA,AL,126,430,401,48,96,17,0,20,58.0,26,3.0,89.0,1.0,0.0,2.0,14.0,0.0,1.0,0.239,0.286,0.431,0.717,*3HD
30,Adam Moore\mooread01,-0.1,2016,32,CLE,AL,9,5,5,0,0,0,0,0,0.0,0,0.0,4.0,0.0,0.0,0.0,0.0,0.0,0.0,0.0,0.0,0.0,0.0,/*2
33,Adam Plutko\plutkad01,0.0,2016,24,CLE,AL,2,0,0,0,0,0,0,0,0.0,0,0.0,0.0,0.0,0.0,0.0,0.0,0.0,0.0,,,,,/*1
41,Adrian Beltre\beltrad01,6.4,2016,37,TEX,AL,153,640,583,89,175,31,1,32,104.0,48,6.0,66.0,6.0,0.0,3.0,10.0,1.0,1.0,0.3,0.358,0.521,0.879,*5D
43,Adrian Sampson\sampsad01,,2016,24,SEA,AL,2,0,0,0,0,0,0,0,,0,,,,,,,,,,,,,/*1
44,Al Alburquerque\albural01,,2016,30,LAA,AL,2,0,0,0,0,0,0,0,,0,,,,,,,,,,,,,/*1
46,Albert Pujols\pujolal01,1.4,2016,36,LAA,AL,152,650,593,71,159,19,0,31,119.0,49,6.0,75.0,2.0,0.0,6.0,24.0,4.0,0.0,0.268,0.323,0.457,0.78,*D3/H
49,Alcides Escobar\escobal02,0.3,2016,29,KCR,AL,162,682,637,57,166,24,6,7,55.0,27,2.0,96.0,3.0,10.0,5.0,16.0,17.0,4.0,0.261,0.292,0.35,0.642,*6
51,Alec Mills\millsal02,,2016,24,KCR,AL,3,0,0,0,0,0,0,0,,0,,,,,,,,,,,,,/*1
55,Alex Avila\avilaal01,1.0,2016,29,CHW,AL,57,209,169,19,36,6,0,7,11.0,38,0.0,78.0,1.0,0.0,1.0,3.0,0.0,0.0,0.213,0.359,0.373,0.732,*2/DH
56,Alex Bregman\bregmal01,1.8,2016,22,HOU,AL,49,217,201,31,53,13,3,8,34.0,15,0.0,52.0,0.0,0.0,1.0,1.0,2.0,0.0,0.264,0.313,0.478,0.791,*5/64D7H
57,Alex Claudio\claudal01,0.0,2016,24,TEX,AL,39,0,0,0,0,0,0,0,0.0,0,0.0,0.0,0.0,0.0,0.0,0.0,0.0,0.0,,,,,*1
58,Alex Cobb\cobbal01,,2016,28,TBR,AL,5,0,0,0,0,0,0,0,,0,,,,,,,,,,,,,/*1
59,Alex Colome\colomal01,0.0,2016,27,TBR,AL,57,0,0,0,0,0,0,0,0.0,0,0.0,0.0,0.0,0.0,0.0,0.0,0.0,0.0,,,,,*1
61,Alex Gordon\gordoal01,0.8,2016,32,KCR,AL,128,506,445,62,98,16,2,17,40.0,52,3.0,148.0,8.0,0.0,1.0,9.0,8.0,1.0,0.22,0.312,0.38,0.692,*7/H
62,Alex Meyer\meyeral01,0.0,2016,26,TOT,AL,7,0,0,0,0,0,0,0,,0,,,,,,,,,,,,,/*1
65,Alex Rodriguez\rodrial01,-1.2,2016,40,NYY,AL,65,243,225,19,45,7,0,9,31.0,14,0.0,67.0,1.0,0.0,3.0,4.0,3.0,0.0,0.2,0.247,0.351,0.598,*D/H5
66,Alex Wilson\wilsoal01,0.0,2016,29,DET,AL,62,0,0,0,0,0,0,0,0.0,0,0.0,0.0,0.0,0.0,0.0,0.0,0.0,0.0,,,,,*1
67,Alex Wimmers\wimmeal01,0.0,2016,27,MIN,AL,16,0,0,0,0,0,0,0,0.0,0,0.0,0.0,0.0,0.0,0.0,0.0,0.0,0.0,,,,,*1
74,Andrelton Simmons\simmoan01,4.2,2016,26,LAA,AL,124,483,448,48,126,22,2,4,44.0,28,0.0,38.0,2.0,1.0,4.0,16.0,10.0,1.0,0.281,0.324,0.366,0.69,*6
76,Andrew Albers\alberan01,,2016,30,MIN,AL,6,0,0,0,0,0,0,0,,0,,,,,,,,,,,,,/*1
78,Andrew Benintendi\beninan01,0.6,2016,21,BOS,AL,34,118,105,16,31,11,1,2,14.0,10,0.0,25.0,1.0,1.0,1.0,0.0,1.0,0.0,0.295,0.359,0.476,0.835,*7/8H
81,Andrew Faulkner\faulkan01,,2016,23,TEX,AL,9,0,0,0,0,0,0,0,,0,,,,,,,,,,,,,/*1
82,Andrew Heaney\heanean01,,2016,25,LAA,AL,1,0,0,0,0,0,0,0,,0,,,,,,,,,,,,,/*1
83,Andrew Lambo\lamboan01,0.0,2016,27,OAK,AL,1,1,1,0,0,0,0,0,0.0,0,0.0,0.0,0.0,0.0,0.0,0.0,0.0,0.0,0.0,0.0,0.0,0.0,/*H
85,Andrew Miller\millean01,0.0,2016,31,TOT,AL,70,0,0,0,0,0,0,0,0.0,0,0.0,0.0,0.0,0.0,0.0,0.0,0.0,0.0,,,,,*1
86,Andrew Romine\rominan01,0.3,2016,30,DET,AL,109,194,174,21,41,5,2,2,16.0,13,0.0,38.0,4.0,3.0,0.0,5.0,8.0,0.0,0.236,0.304,0.322,0.626,58H364/D971
89,Andrew Triggs\triggan01,0.0,2016,27,OAK,AL,24,2,2,0,0,0,0,0,0.0,0,0.0,2.0,0.0,0.0,0.0,0.0,0.0,0.0,0.0,0.0,0.0,0.0,*1
90,Andy Burns\burnsan01,0.0,2016,25,TOR,AL,10,7,6,2,0,0,0,0,0.0,0,0.0,2.0,1.0,0.0,0.0,0.0,0.0,0.0,0.0,0.143,0.0,0.143,/*H537
93,Anibal Sanchez\sanchan01,-0.1,2016,32,DET,AL,35,6,6,0,0,0,0,0,0.0,0,0.0,3.0,0.0,0.0,0.0,0.0,0.0,0.0,0.0,0.0,0.0,0.0,*1
95,Anthony Gose\gosean01,-0.2,2016,25,DET,AL,30,101,91,11,19,2,2,2,7.0,9,0.0,38.0,1.0,0.0,0.0,1.0,0.0,1.0,0.209,0.287,0.341,0.628,*8
96,Anthony Ranaudo\ranauan01,0.1,2016,26,TOT,AL,9,3,3,1,1,0,0,1,1.0,0,0.0,1.0,0.0,0.0,0.0,0.0,0.0,0.0,0.333,0.333,1.333,1.667,/*1
100,Anthony Swarzak\swarzan01,0.0,2016,30,NYY,AL,26,0,0,0,0,0,0,0,0.0,0,0.0,0.0,0.0,0.0,0.0,0.0,0.0,0.0,,,,,*1
103,Ariel Miranda\miranar01,0.0,2016,27,TOT,AL,12,0,0,0,0,0,0,0,,0,,,,,,,,,,,,,*1
105,Arismendy Alcantara\alcanar01,-0.3,2016,24,OAK,AL,16,19,19,2,4,1,0,0,2.0,0,0.0,8.0,0.0,0.0,0.0,1.0,3.0,3.0,0.211,0.211,0.263,0.474,/*H846D9
106,Arnold Leon\leonar01,,2016,27,TOR,AL,2,0,0,0,0,0,0,0,,0,,,,,,,,,,,,,/*1
111,Ashur Tolliver\tollias01,,2016,28,BAL,AL,5,0,0,0,0,0,0,0,,0,,,,,,,,,,,,,/*1
112,Austin Adams\adamsau01,,2016,29,CLE,AL,19,0,0,0,0,0,0,0,,0,,,,,,,,,,,,,*1
116,Austin Jackson\jacksau01,-0.1,2016,29,CHW,AL,54,203,181,24,46,12,2,0,18.0,17,0.0,39.0,1.0,2.0,2.0,3.0,2.0,1.0,0.254,0.318,0.343,0.661,*8/H
117,Austin Romine\rominau01,-0.2,2016,27,NYY,AL,62,176,165,17,40,11,0,4,26.0,7,1.0,31.0,0.0,1.0,3.0,7.0,1.0,0.0,0.242,0.269,0.382,0.65,*2/3HD
118,Avisail Garcia\garciav01,0.8,2016,25,CHW,AL,120,453,413,59,101,18,2,12,51.0,34,0.0,115.0,4.0,0.0,2.0,9.0,4.0,4.0,0.245,0.307,0.385,0.692,*D97/H
120,Ben Gamel\gamelbe01,-0.2,2016,24,TOT,AL,33,57,48,9,9,2,0,1,5.0,6,0.0,16.0,0.0,3.0,0.0,1.0,0.0,0.0,0.188,0.278,0.292,0.569,*9/H78
121,Ben Heller\hellebe01,,2016,24,NYY,AL,10,0,0,0,0,0,0,0,,0,,,,,,,,,,,,,*1
126,Billy Burns\burnsbi02,-0.8,2016,26,TOT,AL,97,332,311,39,73,11,4,0,13.0,10,2.0,37.0,6.0,3.0,2.0,3.0,17.0,5.0,0.235,0.271,0.296,0.566,*8H/97D
127,Billy Butler\butlebi03,0.1,2016,30,TOT,AL,97,274,250,27,71,18,0,5,35.0,21,1.0,42.0,0.0,0.0,3.0,13.0,0.0,0.0,0.284,0.336,0.416,0.752,*DH3
130,Blaine Hardy\hardybl01,,2016,29,DET,AL,21,0,0,0,0,0,0,0,,0,,,,,,,,,,,,,*1
132,Blake Parker\parkebl01,0.0,2016,31,TOT,AL,17,0,0,0,0,0,0,0,,0,,,,,,,,,,,,,*1
133,Blake Smith\smithbl01,0.0,2016,28,CHW,AL,5,0,0,0,0,0,0,0,0.0,0,0.0,0.0,0.0,0.0,0.0,0.0,0.0,0.0,,,,,/*1
134,Blake Snell\snellbl01,0.0,2016,23,TBR,AL,19,3,2,0,0,0,0,0,0.0,1,0.0,1.0,0.0,0.0,0.0,0.0,0.0,0.0,0.0,0.333,0.0,0.333,*1
135,Blake Swihart\swihabl01,0.2,2016,24,BOS,AL,19,74,62,9,16,0,3,0,5.0,11,0.0,17.0,0.0,0.0,1.0,0.0,0.0,1.0,0.258,0.365,0.355,0.72,*7/2
138,Bo Schultz\schulbo02,,2016,30,TOR,AL,16,0,0,0,0,0,0,0,,0,,,,,,,,,,,,,*1
139,Bobby Parnell\parnebo01,,2016,31,DET,AL,6,0,0,0,0,0,0,0,,0,,,,,,,,,,,,,/*1
140,Bobby Wilson\wilsobo02,-0.3,2016,33,TOT,AL,75,251,228,25,54,6,0,7,33.0,11,0.0,64.0,1.0,7.0,4.0,6.0,0.0,0.0,0.237,0.27,0.355,0.626,*2
142,Brad Boxberger\boxbebr01,,2016,28,TBR,AL,27,0,0,0,0,0,0,0,,0,,,,,,,,,,,,,*1
143,Brad Brach\brachbr01,0.0,2016,30,BAL,AL,71,0,0,0,0,0,0,0,0.0,0,0.0,0.0,0.0,0.0,0.0,0.0,0.0,0.0,,,,,*1
145,Brad Miller\millebr02,1.6,2016,26,TBR,AL,152,601,548,73,133,29,6,30,81.0,47,0.0,149.0,3.0,0.0,3.0,5.0,6.0,4.0,0.243,0.304,0.482,0.786,*63/HD7
146,Brad Peacock\peacobr01,0.0,2016,28,HOU,AL,10,0,0,0,0,0,0,0,0.0,0,0.0,0.0,0.0,0.0,0.0,0.0,0.0,0.0,,,,,*1
149,Brady Rodgers\rodgebr01,,2016,25,HOU,AL,5,0,0,0,0,0,0,0,,0,,,,,,,,,,,,,/*1
150,Branden Pinder\pindebr01,,2016,27,NYY,AL,1,0,0,0,0,0,0,0,,0,,,,,,,,,,,,,/*1
157,Brandon Guyer\guyerbr01,1.7,2016,30,TOT,AL,101,345,293,39,78,17,1,9,32.0,19,1.0,55.0,31.0,1.0,1.0,6.0,3.0,2.0,0.266,0.372,0.423,0.795,*79H8D
158,Brandon Kintzler\kintzbr01,0.0,2016,31,MIN,AL,54,0,0,0,0,0,0,0,0.0,0,0.0,0.0,0.0,0.0,0.0,0.0,0.0,0.0,,,,,*1
167,Brendan Ryan\ryanbr01,-0.1,2016,34,LAA,AL,17,14,13,1,1,0,0,0,0.0,0,0.0,7.0,0.0,1.0,0.0,0.0,0.0,0.0,0.077,0.077,0.077,0.154,*6/7H
170,Brett Cecil\cecilbr01,0.0,2016,29,TOR,AL,54,0,0,0,0,0,0,0,0.0,0,0.0,0.0,0.0,0.0,0.0,0.0,0.0,0.0,,,,,*1
171,Brett Eibner\eibnebr01,-0.2,2016,27,TOT,AL,70,208,187,21,36,10,1,6,22.0,19,1.0,50.0,0.0,1.0,1.0,3.0,0.0,2.0,0.193,0.266,0.353,0.619,987H/D
172,Brett Gardner\gardnbr01,3.4,2016,32,NYY,AL,148,634,547,80,143,22,6,7,41.0,70,0.0,106.0,8.0,4.0,5.0,6.0,16.0,4.0,0.261,0.351,0.362,0.713,*7/H8
173,Brett Lawrie\lawribr01,1.3,2016,26,CHW,AL,94,384,351,35,87,22,0,12,36.0,30,2.0,109.0,2.0,0.0,1.0,3.0,7.0,3.0,0.248,0.31,0.413,0.723,*4/D
174,Brett Nicholas\nichobr01,0.1,2016,27,TEX,AL,15,45,40,5,11,5,0,2,4.0,4,0.0,9.0,1.0,0.0,0.0,2.0,0.0,0.0,0.275,0.356,0.55,0.906,*2
177,Brian Dozier\doziebr01,6.5,2016,29,MIN,AL,155,691,615,104,165,35,5,42,99.0,61,6.0,138.0,8.0,2.0,5.0,12.0,18.0,2.0,0.268,0.34,0.546,0.886,*4/HD
178,Brian Duensing\duensbr01,,2016,33,BAL,AL,14,0,0,0,0,0,0,0,,0,,,,,,,,,,,,,*1
180,Brian Flynn\flynnbr01,0.0,2016,26,KCR,AL,36,0,0,0,0,0,0,0,0.0,0,0.0,0.0,0.0,0.0,0.0,0.0,0.0,0.0,,,,,*1
183,Brian McCann\mccanbr01,0.9,2016,32,NYY,AL,130,492,429,56,104,13,0,20,58.0,54,2.0,99.0,7.0,0.0,2.0,15.0,1.0,0.0,0.242,0.335,0.413,0.748,*2DH/3
184,Brock Holt\holtbr01,1.2,2016,28,BOS,AL,94,324,290,45,74,16,0,7,34.0,27,0.0,58.0,3.0,1.0,3.0,5.0,4.0,3.0,0.255,0.322,0.383,0.705,*75H/469D
186,Brooks Pounders\poundbr01,,2016,25,KCR,AL,13,0,0,0,0,0,0,0,,0,,,,,,,,,,,,,*1
187,Bruce Maxwell\maxwebr01,0.5,2016,25,OAK,AL,33,101,92,8,26,6,1,1,14.0,8,0.0,24.0,0.0,0.0,1.0,2.0,0.0,0.0,0.283,0.337,0.402,0.739,*2/HD
188,Bruce Rondon\rondobr01,0.0,2016,25,DET,AL,37,0,0,0,0,0,0,0,0.0,0,0.0,0.0,0.0,0.0,0.0,0.0,0.0,0.0,,,,,*1
189,Bryan Holaday\holadbr01,0.2,2016,28,TOT,AL,44,129,117,17,27,7,1,2,14.0,7,0.0,28.0,2.0,1.0,2.0,1.0,0.0,1.0,0.231,0.281,0.359,0.64,*2/H71D5
190,Bryan Mitchell\mitchbr01,,2016,25,NYY,AL,5,0,0,0,0,0,0,0,,0,,,,,,,,,,,,,/*1
192,Bryan Shaw\shawbr01,0.0,2016,28,CLE,AL,75,0,0,0,0,0,0,0,0.0,0,0.0,0.0,0.0,0.0,0.0,0.0,0.0,0.0,,,,,*1
193,Bryce Brentz\brentbr01,-0.1,2016,27,BOS,AL,25,64,61,8,17,3,0,1,7.0,3,0.0,17.0,0.0,0.0,0.0,1.0,0.0,0.0,0.279,0.313,0.377,0.69,*7/HD
195,Buck Farmer\farmebu01,,2016,25,DET,AL,14,0,0,0,0,0,0,0,,0,,,,,,,,,,,,,*1
198,Buddy Boshers\boshebu01,0.0,2016,28,MIN,AL,37,0,0,0,0,0,0,0,0.0,0,0.0,0.0,0.0,0.0,0.0,0.0,0.0,0.0,,,,,*1
200,Byron Buxton\buxtoby01,1.9,2016,22,MIN,AL,92,331,298,44,67,19,6,10,38.0,23,0.0,118.0,3.0,4.0,3.0,2.0,10.0,2.0,0.225,0.284,0.43,0.714,*8/H
201,Byung Ho Park\parkby01,0.1,2016,29,MIN,AL,62,244,215,28,41,9,1,12,24.0,21,0.0,80.0,5.0,0.0,3.0,3.0,1.0,0.0,0.191,0.275,0.409,0.684,*D3/H
202,C.J. Cron\croncj01,2.1,2016,26,LAA,AL,116,445,407,51,113,25,2,16,69.0,24,1.0,75.0,7.0,0.0,5.0,9.0,2.0,3.0,0.278,0.325,0.467,0.792,*3D/H
204,Caleb Joseph\josepca01,-1.0,2016,30,BAL,AL,49,141,132,7,23,3,0,0,0.0,7,0.0,28.0,0.0,2.0,0.0,6.0,0.0,0.0,0.174,0.216,0.197,0.413,*2/3
205,Cam Bedrosian\bedroca01,0.0,2016,24,LAA,AL,45,0,0,0,0,0,0,0,0.0,0,0.0,0.0,0.0,0.0,0.0,0.0,0.0,0.0,,,,,*1
206,Cameron Maybin\maybica01,1.9,2016,29,DET,AL,94,391,349,65,110,14,5,4,43.0,36,0.0,69.0,3.0,2.0,1.0,8.0,15.0,6.0,0.315,0.383,0.418,0.801,*8/HD
211,Carlos Beltran\beltrca01,2.0,2016,39,TOT,AL,151,593,552,73,163,33,0,29,93.0,35,4.0,101.0,2.0,0.0,4.0,19.0,1.0,0.0,0.295,0.337,0.513,0.85,D9H
212,Carlos Carrasco\carraca01,,2016,29,CLE,AL,25,0,0,0,0,0,0,0,,0,,,,,,,,,,,,,*1
213,Carlos Correa\correca01,5.9,2016,21,HOU,AL,153,660,577,76,158,36,3,20,96.0,75,5.0,139.0,5.0,0.0,3.0,12.0,13.0,3.0,0.274,0.361,0.451,0.811,*6/H
216,Carlos Gomez\gomezca01,0.1,2016,30,TOT,AL,118,453,411,45,95,22,1,13,53.0,34,2.0,136.0,5.0,3.0,0.0,11.0,18.0,5.0,0.231,0.298,0.384,0.682,*87/9HD
219,Carlos Perez\perezca02,0.6,2016,25,LAA,AL,87,291,268,25,56,16,0,5,31.0,12,0.0,49.0,1.0,8.0,2.0,6.0,1.0,0.0,0.209,0.244,0.325,0.568,*2/H3D
220,Carlos Rodon\rodonca01,0.0,2016,23,CHW,AL,28,3,3,0,0,0,0,0,0.0,0,0.0,2.0,0.0,0.0,0.0,0.0,0.0,0.0,0.0,0.0,0.0,0.0,*1
222,Carlos Sanchez\sanchca01,0.0,2016,24,CHW,AL,53,163,154,15,32,9,1,4,21.0,5,0.0,42.0,1.0,2.0,1.0,1.0,0.0,1.0,0.208,0.236,0.357,0.593,*4H/56D
223,Carlos Santana\santaca01,3.0,2016,30,CLE,AL,158,688,582,89,151,31,3,34,87.0,99,0.0,99.0,2.0,0.0,5.0,18.0,5.0,2.0,0.259,0.366,0.498,0.865,*D3/H
226,Carson Fulmer\fulmeca01,0.0,2016,22,CHW,AL,8,0,0,0,0,0,0,0,0.0,0,0.0,0.0,0.0,0.0,0.0,0.0,0.0,0.0,,,,,/*1
228,Carson Smith\smithca02,,2016,26,BOS,AL,3,0,0,0,0,0,0,0,,0,,,,,,,,,,,,,/*1
231,Casey McGehee\mcgehca01,-0.3,2016,33,DET,AL,30,96,92,4,21,1,0,0,1.0,3,0.0,14.0,1.0,0.0,0.0,5.0,0.0,0.0,0.228,0.26,0.239,0.5,*5/H3
232,CC Sabathia\sabatc.01,-0.1,2016,35,NYY,AL,30,2,1,0,0,0,0,0,0.0,0,0.0,0.0,0.0,1.0,0.0,1.0,0.0,0.0,0.0,0.0,0.0,0.0,*1
235,Cesar Ramos\ramosce01,0.0,2016,32,TEX,AL,16,0,0,0,0,0,0,0,0.0,0,0.0,0.0,0.0,0.0,0.0,0.0,0.0,0.0,,,,,*1
238,Chad Girodo\girodch01,0.0,2016,25,TOR,AL,14,0,0,0,0,0,0,0,0.0,0,0.0,0.0,0.0,0.0,0.0,0.0,0.0,0.0,,,,,*1
239,Chad Green\greench03,-0.1,2016,25,NYY,AL,12,4,4,0,0,0,0,0,0.0,0,0.0,4.0,0.0,0.0,0.0,0.0,0.0,0.0,0.0,0.0,0.0,0.0,*1
241,Chad Pinder\pindech01,-0.3,2016,24,OAK,AL,22,55,51,4,12,4,0,1,4.0,3,0.0,14.0,0.0,0.0,1.0,1.0,0.0,0.0,0.235,0.273,0.373,0.645,*4/H6D
246,Charlie Tilson\tilsoch01,0.0,2016,23,CHW,AL,1,2,2,0,1,0,0,0,0.0,0,0.0,0.0,0.0,0.0,0.0,0.0,0.0,0.0,0.5,0.5,0.5,1.0,/*8
249,Chase Headley\headlch01,2.6,2016,32,NYY,AL,140,529,467,58,117,18,1,14,51.0,51,3.0,118.0,6.0,0.0,5.0,7.0,8.0,2.0,0.251,0.329,0.383,0.712,*5/HD
251,Chase Whitley\whitlch01,,2016,27,TBR,AL,5,0,0,0,0,0,0,0,,0,,,,,,,,,,,,,/*1
252,Chasen Shreve\shrevch01,0.0,2016,25,NYY,AL,37,0,0,0,0,0,0,0,0.0,0,0.0,0.0,0.0,0.0,0.0,0.0,0.0,0.0,,,,,*1
254,Cheslor Cuthbert\cuthbch01,-0.2,2016,23,KCR,AL,128,510,475,49,130,28,1,12,46.0,32,0.0,96.0,0.0,1.0,2.0,14.0,2.0,0.0,0.274,0.318,0.413,0.731,*5/H
255,Chi Chi Gonzalez\gonzach01,,2016,24,TEX,AL,3,0,0,0,0,0,0,0,,0,,,,,,,,,,,,,/*1
256,Chien-Ming Wang\wangch01,0.0,2016,36,KCR,AL,38,0,0,0,0,0,0,0,0.0,0,0.0,0.0,0.0,0.0,0.0,0.0,0.0,0.0,,,,,*1
258,Chris Archer\archech01,-0.1,2016,27,TBR,AL,33,8,7,1,0,0,0,0,0.0,1,0.0,3.0,0.0,0.0,0.0,0.0,0.0,0.0,0.0,0.125,0.0,0.125,*1
259,Chris Bassitt\bassich01,,2016,27,OAK,AL,5,0,0,0,0,0,0,0,,0,,,,,,,,,,,,,/*1
260,Chris Beck\beckch02,0.0,2016,25,CHW,AL,25,0,0,0,0,0,0,0,0.0,0,0.0,0.0,0.0,0.0,0.0,0.0,0.0,0.0,,,,,*1
264,Chris Colabello\colabch01,-0.5,2016,32,TOR,AL,10,32,29,0,2,0,0,0,1.0,2,0.0,9.0,1.0,0.0,0.0,2.0,0.0,0.0,0.069,0.156,0.069,0.225,/*3H7
265,Chris Davis\davisch02,3.0,2016,30,BAL,AL,157,665,566,99,125,21,0,38,84.0,88,3.0,219.0,8.0,0.0,3.0,6.0,1.0,0.0,0.221,0.332,0.459,0.792,*3/9D
266,Chris Devenski\devench02,0.0,2016,25,HOU,AL,48,0,0,0,0,0,0,0,0.0,0,0.0,0.0,0.0,0.0,0.0,0.0,0.0,0.0,,,,,*1
267,Chris Gimenez\gimench01,-0.6,2016,33,CLE,AL,68,155,139,17,30,4,0,4,11.0,10,0.0,41.0,1.0,4.0,1.0,8.0,0.0,0.0,0.216,0.272,0.331,0.602,*2/351HD
272,Chris Iannetta\iannech01,0.3,2016,33,SEA,AL,94,338,295,23,62,14,0,7,24.0,38,0.0,83.0,2.0,1.0,2.0,4.0,0.0,0.0,0.21,0.303,0.329,0.631,*2/D
276,Chris Parmelee\parmech01,0.3,2016,28,NYY,AL,6,8,8,4,4,1,0,2,4.0,0,0.0,3.0,0.0,0.0,0.0,0.0,0.0,0.0,0.5,0.5,1.375,1.875,/*3
278,Chris Sale\salech01,0.0,2016,27,CHW,AL,32,6,6,0,1,0,0,0,0.0,0,0.0,2.0,0.0,0.0,0.0,0.0,0.0,0.0,0.167,0.167,0.167,0.333,*1
279,Chris Smith\smithch08,,2016,35,OAK,AL,13,0,0,0,0,0,0,0,,0,,,,,,,,,,,,,*1
283,Chris Tillman\tillmch01,0.0,2016,28,BAL,AL,30,3,2,0,0,0,0,0,0.0,0,0.0,2.0,0.0,1.0,0.0,0.0,0.0,0.0,0.0,0.0,0.0,0.0,*1
285,Chris Young\youngch03,0.0,2016,37,KCR,AL,34,1,1,0,0,0,0,0,0.0,0,0.0,0.0,0.0,0.0,0.0,0.0,0.0,0.0,0.0,0.0,0.0,0.0,*1
286,Chris Young\youngch04,0.9,2016,32,BOS,AL,76,227,203,29,56,18,0,9,24.0,21,0.0,50.0,3.0,0.0,0.0,4.0,4.0,2.0,0.276,0.352,0.498,0.85,*7H/98D
289,Christian Colon\colonch01,0.6,2016,27,KCR,AL,54,161,147,13,34,6,0,1,13.0,11,0.0,31.0,2.0,1.0,0.0,4.0,0.0,1.0,0.231,0.294,0.293,0.586,*45/H6D
291,Christian Vazquez\vazquch01,-0.3,2016,25,BOS,AL,57,184,172,21,39,9,1,1,12.0,10,1.0,39.0,2.0,0.0,0.0,3.0,0.0,0.0,0.227,0.277,0.308,0.585,*2/HD
293,Clay Buchholz\buchhcl01,0.0,2016,31,BOS,AL,37,3,2,0,0,0,0,0,0.0,1,0.0,2.0,0.0,0.0,0.0,0.0,0.0,0.0,0.0,0.333,0.0,0.333,*1
296,Cliff Pennington\pennicl01,0.4,2016,32,LAA,AL,74,188,172,18,36,4,2,3,10.0,13,0.0,55.0,0.0,3.0,0.0,4.0,1.0,0.0,0.209,0.265,0.308,0.573,*46H/3D5
298,Coco Crisp\crispco01,0.4,2016,36,TOT,AL,122,498,446,54,103,27,4,13,55.0,46,2.0,78.0,0.0,4.0,2.0,7.0,10.0,5.0,0.231,0.302,0.397,0.698,*78DH
299,Cody Allen\allenco01,0.0,2016,27,CLE,AL,67,0,0,0,0,0,0,0,0.0,0,0.0,0.0,0.0,0.0,0.0,0.0,0.0,0.0,,,,,*1
300,Cody Anderson\anderco01,,2016,25,CLE,AL,19,0,0,0,0,0,0,0,,0,,,,,,,,,,,,,*1
304,Cody Martin\martico01,0.0,2016,26,SEA,AL,9,0,0,0,0,0,0,0,0.0,0,0.0,0.0,0.0,0.0,0.0,0.0,0.0,0.0,,,,,/*1
306,Colby Lewis\lewisco01,,2016,36,TEX,AL,19,0,0,0,0,0,0,0,,0,,,,,,,,,,,,,*1
307,Colby Rasmus\rasmuco01,2.2,2016,29,HOU,AL,107,417,369,38,76,10,0,15,54.0,43,0.0,121.0,0.0,1.0,4.0,5.0,4.0,1.0,0.206,0.286,0.355,0.641,*789/HD
310,Cole Hamels\hamelco01,0.0,2016,32,TEX,AL,32,8,8,0,1,0,0,0,0.0,0,0.0,1.0,0.0,0.0,0.0,0.0,0.0,0.0,0.125,0.125,0.125,0.25,*1
311,Colin Moran\moranco01,-0.2,2016,23,HOU,AL,9,25,23,1,3,1,0,0,2.0,1,0.0,8.0,1.0,0.0,0.0,4.0,0.0,0.0,0.13,0.2,0.174,0.374,/*5H
314,Collin Cowgill\cowgico01,-0.2,2016,30,CLE,AL,9,14,12,0,1,0,0,0,0.0,2,0.0,7.0,0.0,0.0,0.0,1.0,0.0,0.0,0.083,0.214,0.083,0.298,/*9H
315,Collin McHugh\mchugco01,-0.1,2016,29,HOU,AL,33,8,6,0,0,0,0,0,0.0,0,0.0,2.0,0.0,2.0,0.0,0.0,0.0,0.0,0.0,0.0,0.0,0.0,*1
318,Conor Mullee\mulleco01,0.0,2016,28,NYY,AL,3,0,0,0,0,0,0,0,0.0,0,0.0,0.0,0.0,0.0,0.0,0.0,0.0,0.0,,,,,/*1
319,Corey Dickerson\dickeco01,1.5,2016,27,TBR,AL,148,548,510,57,125,36,3,24,70.0,33,6.0,134.0,2.0,0.0,2.0,12.0,0.0,2.0,0.245,0.293,0.469,0.761,*7DH/9
320,Corey Kluber\klubeco01,0.1,2016,30,CLE,AL,32,6,4,1,1,1,0,0,0.0,0,0.0,3.0,0.0,2.0,0.0,0.0,0.0,0.0,0.25,0.25,0.5,0.75,*1
325,Cory Rasmus\rasmuco02,0.0,2016,28,LAA,AL,19,0,0,0,0,0,0,0,0.0,0,0.0,0.0,0.0,0.0,0.0,0.0,0.0,0.0,,,,,*1
328,Craig Gentry\gentrcr01,-0.3,2016,32,LAA,AL,14,39,34,2,5,1,0,0,2.0,3,0.0,6.0,1.0,1.0,0.0,2.0,0.0,0.0,0.147,0.237,0.176,0.413,*7/H8D
329,Craig Kimbrel\kimbrcr01,0.0,2016,28,BOS,AL,57,0,0,0,0,0,0,0,0.0,0,0.0,0.0,0.0,0.0,0.0,0.0,0.0,0.0,,,,,*1
331,Curt Casali\casalcu01,0.9,2016,27,TBR,AL,84,256,226,23,42,10,0,8,25.0,25,1.0,82.0,2.0,3.0,0.0,2.0,0.0,0.0,0.186,0.273,0.336,0.609,*2/DH
334,Dae-ho Lee\leeda02,0.3,2016,34,SEA,AL,104,317,292,33,74,9,0,14,49.0,20,2.0,74.0,5.0,0.0,0.0,8.0,0.0,0.0,0.253,0.312,0.428,0.74,*3H/D
336,Dallas Keuchel\keuchda01,0.0,2016,28,HOU,AL,26,2,2,0,0,0,0,0,0.0,0,0.0,0.0,0.0,0.0,0.0,0.0,0.0,0.0,0.0,0.0,0.0,0.0,*1
337,Dalton Pompey\pompeda01,0.0,2016,23,TOR,AL,8,2,2,3,0,0,0,0,0.0,0,0.0,1.0,0.0,0.0,0.0,0.0,2.0,1.0,0.0,0.0,0.0,0.0,/*HD7
339,Dan Altavilla\altavda01,,2016,23,SEA,AL,15,0,0,0,0,0,0,0,,0,,,,,,,,,,,,,*1
340,Dan Jennings\jennida01,0.0,2016,29,CHW,AL,64,0,0,0,0,0,0,0,0.0,0,0.0,0.0,0.0,0.0,0.0,0.0,0.0,0.0,,,,,*1
341,Dan Otero\oteroda01,0.0,2016,31,CLE,AL,62,0,0,0,0,0,0,0,0.0,0,0.0,0.0,0.0,0.0,0.0,0.0,0.0,0.0,,,,,*1
342,Dan Robertson\roberda09,-0.2,2016,30,SEA,AL,9,21,19,1,5,1,0,0,1.0,1,0.0,3.0,0.0,1.0,0.0,2.0,0.0,1.0,0.263,0.3,0.316,0.616,/*79H8
344,Dan Vogelbach\vogelda01,-0.3,2016,23,SEA,AL,8,13,12,0,1,0,0,0,0.0,1,0.0,6.0,0.0,0.0,0.0,0.0,0.0,0.0,0.083,0.154,0.083,0.237,/*3*HD
345,Dana Eveland\evelada01,0.0,2016,32,TBR,AL,33,0,0,0,0,0,0,0,0.0,0,0.0,0.0,0.0,0.0,0.0,0.0,0.0,0.0,,,,,*1
347,Daniel Coulombe\couloda01,0.0,2016,26,OAK,AL,35,0,0,0,0,0,0,0,0.0,0,0.0,0.0,0.0,0.0,0.0,0.0,0.0,0.0,,,,,*1
350,Daniel Mengden\mengdda01,-0.1,2016,23,OAK,AL,14,6,6,0,0,0,0,0,0.0,0,0.0,3.0,0.0,0.0,0.0,0.0,0.0,0.0,0.0,0.0,0.0,0.0,*1
352,Daniel Nava\navada01,-0.8,2016,33,TOT,AL,54,148,130,11,29,6,0,1,13.0,10,0.0,30.0,5.0,0.0,3.0,2.0,0.0,0.0,0.223,0.297,0.292,0.59,*7H/39D
353,Daniel Norris\norrida01,0.0,2016,23,DET,AL,14,3,2,0,0,0,0,0,0.0,1,0.0,0.0,0.0,0.0,0.0,0.0,0.0,0.0,0.0,0.333,0.0,0.333,*1
355,Daniel Webb\webbda01,,2016,26,CHW,AL,1,0,0,0,0,0,0,0,,0,,,,,,,,,,,,,/*1
358,Danny Barnes\barneda02,,2016,26,TOR,AL,12,0,0,0,0,0,0,0,,0,,,,,,,,,,,,,*1
359,Danny Duffy\duffyda01,0.0,2016,27,KCR,AL,42,6,5,1,1,0,0,0,1.0,0,0.0,1.0,0.0,1.0,0.0,0.0,0.0,0.0,0.2,0.2,0.2,0.4,*1
361,Danny Farquhar\farquda01,,2016,29,TBR,AL,35,0,0,0,0,0,0,0,,0,,,,,,,,,,,,,*1
362,Danny Salazar\salazda01,-0.1,2016,26,CLE,AL,25,5,5,1,0,0,0,0,0.0,0,0.0,3.0,0.0,0.0,0.0,0.0,0.0,0.0,0.0,0.0,0.0,0.0,*1
363,Danny Santana\santada01,-1.3,2016,25,MIN,AL,75,248,233,29,56,10,2,2,14.0,12,0.0,55.0,1.0,1.0,1.0,1.0,12.0,9.0,0.24,0.279,0.326,0.606,*87H/9D645
364,Danny Valencia\valenda01,1.4,2016,31,OAK,AL,130,517,471,72,135,22,1,17,51.0,41,1.0,115.0,3.0,0.0,2.0,11.0,1.0,1.0,0.287,0.346,0.446,0.792,*593/DH7
365,Danny Worth\worthda01,-0.2,2016,30,HOU,AL,16,40,39,4,7,2,0,0,1.0,1,0.0,6.0,0.0,0.0,0.0,1.0,0.0,0.0,0.179,0.2,0.231,0.431,/4H56D
367,Dariel Alvarez\alvarda02,0.1,2016,27,BAL,AL,2,4,3,0,1,1,0,0,0.0,1,0.0,0.0,0.0,0.0,0.0,0.0,0.0,0.0,0.333,0.5,0.667,1.167,/*9*H
368,Darin Mastroianni\mastrda01,-0.1,2016,30,MIN,AL,7,11,9,1,0,0,0,0,0.0,2,0.0,4.0,0.0,0.0,0.0,0.0,1.0,0.0,0.0,0.182,0.0,0.182,/*9H78
371,Darrell Ceciliani\cecilda01,-0.5,2016,26,TOR,AL,13,29,27,2,3,2,0,0,1.0,1,0.0,14.0,1.0,0.0,0.0,0.0,0.0,0.0,0.111,0.172,0.185,0.358,/*79H
372,Darren O'Day\odayda01,,2016,33,BAL,AL,34,0,0,0,0,0,0,0,,0,,,,,,,,,,,,,*1
373,Darwin Barney\barneda01,1.8,2016,30,TOR,AL,104,306,279,35,75,13,2,4,19.0,22,1.0,48.0,1.0,2.0,2.0,8.0,2.0,2.0,0.269,0.322,0.373,0.695,456H/71
379,David Huff\huffda01,,2016,31,LAA,AL,2,0,0,0,0,0,0,0,,0,,,,,,,,,,,,,/*1
381,David Ortiz\ortizda01,5.1,2016,40,BOS,AL,151,626,537,79,169,48,1,38,127.0,80,15.0,86.0,2.0,0.0,7.0,22.0,2.0,0.0,0.315,0.401,0.62,1.021,*DH/3
382,David Paulino\paulida01,,2016,22,HOU,AL,3,0,0,0,0,0,0,0,,0,,,,,,,,,,,,,/*1
385,David Price\priceda01,-0.1,2016,30,BOS,AL,35,11,10,0,0,0,0,0,0.0,1,0.0,8.0,0.0,0.0,0.0,0.0,0.0,0.0,0.0,0.091,0.0,0.091,*1
386,David Robertson\roberda08,0.0,2016,31,CHW,AL,62,0,0,0,0,0,0,0,0.0,0,0.0,0.0,0.0,0.0,0.0,0.0,0.0,0.0,,,,,*1
387,David Rollins\rollida01,0.0,2016,26,SEA,AL,11,0,0,0,0,0,0,0,0.0,0,0.0,0.0,0.0,0.0,0.0,0.0,0.0,0.0,,,,,*1
393,Delino DeShields\deshide02,-0.2,2016,23,TEX,AL,74,203,182,36,38,7,0,4,13.0,15,0.0,54.0,2.0,3.0,1.0,1.0,8.0,3.0,0.209,0.275,0.313,0.588,87H/D
394,Dellin Betances\betande01,0.0,2016,28,NYY,AL,73,0,0,0,0,0,0,0,0.0,0,0.0,0.0,0.0,0.0,0.0,0.0,0.0,0.0,,,,,*1
396,Deolis Guerra\guerrde01,0.0,2016,27,LAA,AL,44,0,0,0,0,0,0,0,0.0,0,0.0,0.0,0.0,0.0,0.0,0.0,0.0,0.0,,,,,*1
398,Derek Holland\hollade01,0.1,2016,29,TEX,AL,22,2,2,0,1,0,0,0,0.0,0,0.0,1.0,0.0,0.0,0.0,0.0,0.0,0.0,0.5,0.5,0.5,1.0,*1
401,Desmond Jennings\jennide01,0.9,2016,29,TBR,AL,65,225,200,22,40,7,1,7,20.0,21,0.0,58.0,2.0,1.0,1.0,4.0,2.0,0.0,0.2,0.281,0.35,0.631,*78/HD
403,Deven Marrero\marrede01,0.0,2016,25,BOS,AL,13,14,12,0,1,0,0,0,0.0,2,0.0,5.0,0.0,0.0,0.0,0.0,0.0,0.0,0.083,0.214,0.083,0.298,/465HD
405,Devon Travis\travide01,2.9,2016,25,TOR,AL,101,432,410,54,123,28,1,11,50.0,20,0.0,87.0,0.0,1.0,1.0,6.0,4.0,1.0,0.3,0.332,0.454,0.785,*4/DH
407,Didi Gregorius\gregodi01,2.2,2016,26,NYY,AL,153,597,562,68,155,32,2,20,70.0,19,2.0,82.0,6.0,5.0,5.0,9.0,7.0,1.0,0.276,0.304,0.447,0.751,*6/H
408,Dillon Gee\geedi01,0.2,2016,30,KCR,AL,33,3,1,0,0,0,0,0,0.0,0,0.0,0.0,0.0,2.0,0.0,0.0,0.0,0.0,0.0,0.0,0.0,0.0,*1
409,Dillon Overton\overtdi01,,2016,24,OAK,AL,6,0,0,0,0,0,0,0,,0,,,,,,,,,,,,,/*1
410,Dioner Navarro\navardi01,-0.8,2016,32,TOT,AL,101,334,304,26,63,13,2,6,35.0,23,0.0,71.0,2.0,2.0,3.0,5.0,1.0,2.0,0.207,0.265,0.322,0.587,*2H/D
411,Dixon Machado\machadi01,0.2,2016,24,DET,AL,8,13,10,1,1,0,0,0,0.0,3,0.0,4.0,0.0,0.0,0.0,0.0,0.0,0.0,0.1,0.308,0.1,0.408,/*6H4
416,Donn Roach\roachdo01,,2016,26,SEA,AL,4,0,0,0,0,0,0,0,,0,,,,,,,,,,,,,/*1
417,Donnie Hart\hartdo01,0.0,2016,25,BAL,AL,22,1,1,0,0,0,0,0,0.0,0,0.0,1.0,0.0,0.0,0.0,0.0,0.0,0.0,0.0,0.0,0.0,0.0,*1
418,Donovan Solano\solando01,0.0,2016,28,NYY,AL,9,23,22,5,5,2,0,1,2.0,1,0.0,3.0,0.0,0.0,0.0,0.0,0.0,0.0,0.227,0.261,0.455,0.715,/*45HD
419,Doug Fister\fistedo01,0.0,2016,32,HOU,AL,32,7,5,0,1,0,0,0,2.0,0,0.0,1.0,0.0,2.0,0.0,0.0,0.0,0.0,0.2,0.2,0.2,0.4,*1
420,Drew Butera\buterdr01,0.4,2016,32,KCR,AL,56,133,123,18,35,10,1,4,16.0,8,0.0,36.0,0.0,2.0,0.0,2.0,0.0,0.0,0.285,0.328,0.48,0.808,*2/3H1
424,Drew Smyly\smylydr01,0.0,2016,27,TBR,AL,30,2,2,0,0,0,0,0,0.0,0,0.0,0.0,0.0,0.0,0.0,0.0,0.0,0.0,0.0,0.0,0.0,0.0,*1
425,Drew Storen\storedr01,0.0,2016,28,TOT,AL,57,0,0,0,0,0,0,0,0.0,0,0.0,0.0,0.0,0.0,0.0,0.0,0.0,0.0,,,,,*1
427,Drew VerHagen\verhadr01,0.0,2016,25,DET,AL,19,0,0,0,0,0,0,0,0.0,0,0.0,0.0,0.0,0.0,0.0,0.0,0.0,0.0,,,,,*1
428,Dustin Ackley\ackledu01,-0.3,2016,28,NYY,AL,28,70,61,6,9,0,0,0,4.0,8,0.0,9.0,0.0,0.0,1.0,0.0,0.0,0.0,0.148,0.243,0.148,0.39,3/9HD4
429,Dustin Antolin\antoldu01,,2016,26,TOR,AL,1,0,0,0,0,0,0,0,,0,,,,,,,,,,,,,/*1
432,Dustin Molleken\molledu01,,2016,31,DET,AL,4,0,0,0,0,0,0,0,,0,,,,,,,,,,,,,/*1
433,Dustin Pedroia\pedrodu01,5.6,2016,32,BOS,AL,154,698,633,105,201,36,1,15,74.0,61,0.0,73.0,0.0,1.0,3.0,24.0,7.0,4.0,0.318,0.376,0.449,0.825,*4/H
434,Dylan Bundy\bundydy01,0.0,2016,23,BAL,AL,36,3,3,0,0,0,0,0,0.0,0,0.0,2.0,0.0,0.0,0.0,0.0,0.0,0.0,0.0,0.0,0.0,0.0,*1
435,Dylan Floro\florody01,0.0,2016,25,TBR,AL,12,0,0,0,0,0,0,0,0.0,0,0.0,0.0,0.0,0.0,0.0,0.0,0.0,0.0,,,,,*1
437,Eddie Gamboa\gamboed01,,2016,31,TBR,AL,7,0,0,0,0,0,0,0,,0,,,,,,,,,,,,,/*1
438,Eddie Rosario\rosared01,1.1,2016,24,MIN,AL,92,354,335,52,90,17,2,10,32.0,12,2.0,91.0,2.0,2.0,3.0,4.0,5.0,2.0,0.269,0.295,0.421,0.716,*78/H9
439,Edinson Volquez\volqued01,-0.1,2016,32,KCR,AL,34,5,5,0,0,0,0,0,0.0,0,0.0,3.0,0.0,0.0,0.0,0.0,0.0,0.0,0.0,0.0,0.0,0.0,*1
440,Eduardo Escobar\escobed01,-0.6,2016,27,MIN,AL,105,377,352,32,83,14,2,6,37.0,21,1.0,72.0,1.0,2.0,1.0,7.0,1.0,3.0,0.236,0.28,0.338,0.618,*65H/47D1
442,Eduardo Rodriguez\rodried05,0.0,2016,23,BOS,AL,20,2,2,0,0,0,0,0,0.0,0,0.0,2.0,0.0,0.0,0.0,0.0,0.0,0.0,0.0,0.0,0.0,0.0,*1
444,Edwin Diaz\diazed04,0.0,2016,22,SEA,AL,49,1,1,0,0,0,0,0,0.0,0,0.0,0.0,0.0,0.0,0.0,0.0,0.0,0.0,0.0,0.0,0.0,0.0,*1
445,Edwin Encarnacion\encared01,3.7,2016,33,TOR,AL,160,702,601,99,158,34,0,42,127.0,87,3.0,138.0,5.0,0.0,8.0,22.0,2.0,0.0,0.263,0.357,0.529,0.886,*D3
450,Elvis Andrus\andruel01,3.7,2016,27,TEX,AL,147,568,506,75,153,31,7,8,69.0,47,2.0,70.0,4.0,4.0,7.0,18.0,24.0,8.0,0.302,0.362,0.439,0.8,*6
455,Enny Romero\romeren01,0.0,2016,25,TBR,AL,52,0,0,0,0,0,0,0,0.0,0,0.0,0.0,0.0,0.0,0.0,0.0,0.0,0.0,,,,,*1
458,Erasmo Ramirez\ramirer02,0.0,2016,26,TBR,AL,64,0,0,0,0,0,0,0,0.0,0,0.0,0.0,0.0,0.0,0.0,0.0,0.0,0.0,,,,,*1
461,Eric Hosmer\hosmeer01,1.0,2016,26,KCR,AL,158,667,605,80,161,24,1,25,104.0,57,5.0,132.0,1.0,0.0,4.0,18.0,5.0,3.0,0.266,0.328,0.433,0.761,*3/D
463,Eric Surkamp\surkaer01,,2016,28,OAK,AL,9,0,0,0,0,0,0,0,,0,,,,,,,,,,,,,/*1
464,Eric Young\younger03,-0.1,2016,31,NYY,AL,6,1,1,2,0,0,0,0,0.0,0,0.0,0.0,0.0,0.0,0.0,0.0,1.0,0.0,0.0,0.0,0.0,0.0,/*H*D8
467,Erik Gonzalez\gonzaer01,0.0,2016,24,CLE,AL,21,17,16,2,5,0,0,0,0.0,1,0.0,8.0,0.0,0.0,0.0,0.0,0.0,1.0,0.313,0.353,0.313,0.665,/6H495
470,Ervin Santana\santaer01,-0.1,2016,33,MIN,AL,30,6,5,0,0,0,0,0,0.0,0,0.0,3.0,0.0,1.0,0.0,0.0,0.0,0.0,0.0,0.0,0.0,0.0,*1
472,Evan Gattis\gattiev01,3.0,2016,29,HOU,AL,128,499,447,58,112,19,0,32,72.0,43,6.0,127.0,4.0,0.0,5.0,12.0,2.0,1.0,0.251,0.319,0.508,0.826,*D2H
473,Evan Longoria\longoev01,3.8,2016,30,TBR,AL,160,685,633,81,173,41,4,36,98.0,42,6.0,144.0,3.0,0.0,7.0,13.0,0.0,3.0,0.273,0.318,0.521,0.84,*5/D
475,Evan Scribner\scribev01,,2016,30,SEA,AL,12,0,0,0,0,0,0,0,,0,,,,,,,,,,,,,*1
476,Ezequiel Carrera\carreez01,0.7,2016,29,TOR,AL,110,310,270,47,67,9,1,6,23.0,27,0.0,70.0,4.0,7.0,2.0,8.0,7.0,4.0,0.248,0.323,0.356,0.679,*97H/8D
478,Felix Hernandez\hernafe02,-0.1,2016,30,SEA,AL,25,8,6,0,0,0,0,0,0.0,0,0.0,3.0,0.0,2.0,0.0,0.0,0.0,0.0,0.0,0.0,0.0,0.0,*1
480,Fernando Abad\abadfe01,0.0,2016,30,TOT,AL,57,1,1,0,0,0,0,0,0.0,0,0.0,1.0,0.0,0.0,0.0,0.0,0.0,0.0,0.0,0.0,0.0,0.0,*1
482,Fernando Rodriguez\rodrife02,0.0,2016,32,OAK,AL,34,0,0,0,0,0,0,0,0.0,0,0.0,0.0,0.0,0.0,0.0,0.0,0.0,0.0,,,,,*1
485,Francisco Lindor\lindofr01,5.7,2016,22,CLE,AL,158,684,604,99,182,30,3,15,78.0,57,3.0,88.0,5.0,3.0,15.0,18.0,19.0,5.0,0.301,0.358,0.435,0.794,*6/HD
487,Francisco Pena\penafr01,-0.2,2016,26,BAL,AL,14,43,40,5,8,0,0,1,3.0,2,0.0,14.0,0.0,1.0,0.0,2.0,0.0,0.0,0.2,0.238,0.275,0.513,*2/H
488,Francisco Rodriguez\rodrifr03,0.0,2016,34,DET,AL,61,0,0,0,0,0,0,0,0.0,0,0.0,0.0,0.0,0.0,0.0,0.0,0.0,0.0,,,,,*1
490,Franklin Gutierrez\gutiefr01,0.3,2016,33,SEA,AL,98,283,248,33,61,9,0,14,39.0,29,0.0,85.0,3.0,0.0,3.0,6.0,1.0,0.0,0.246,0.329,0.452,0.78,*9HD/7
491,Franklin Morales\moralfr01,0.0,2016,30,TOR,AL,5,0,0,0,0,0,0,0,0.0,0,0.0,0.0,0.0,0.0,0.0,0.0,0.0,0.0,,,,,/*1
495,Garrett Richards\richaga01,,2016,28,LAA,AL,6,0,0,0,0,0,0,0,,0,,,,,,,,,,,,,/*1
496,Gary Sanchez\sanchga02,3.0,2016,23,NYY,AL,53,229,201,34,60,12,0,20,42.0,24,2.0,57.0,2.0,0.0,2.0,5.0,1.0,0.0,0.299,0.376,0.657,1.032,*2D
498,Gavin Floyd\floydga01,0.0,2016,33,TOR,AL,28,1,1,0,0,0,0,0,0.0,0,0.0,0.0,0.0,0.0,0.0,0.0,0.0,0.0,0.0,0.0,0.0,0.0,*1
500,George Springer\springe01,5.0,2016,26,HOU,AL,162,744,644,116,168,29,5,29,82.0,88,2.0,178.0,11.0,0.0,1.0,12.0,9.0,10.0,0.261,0.359,0.457,0.815,*9D/H8
501,Geovany Soto\sotoge01,0.4,2016,33,LAA,AL,26,86,78,11,21,5,0,4,9.0,6,0.0,21.0,0.0,2.0,0.0,1.0,0.0,0.0,0.269,0.321,0.487,0.809,*2/3H5
508,Glen Perkins\perkigl01,,2016,33,MIN,AL,2,0,0,0,0,0,0,0,,0,,,,,,,,,,,,,/*1
515,Greg Mahle\mahlegr01,0.0,2016,23,LAA,AL,24,0,0,0,0,0,0,0,0.0,0,0.0,0.0,0.0,0.0,0.0,0.0,0.0,0.0,,,,,*1
517,Gregorio Petit\petitgr01,-0.1,2016,31,LAA,AL,89,223,204,21,50,13,1,2,17.0,15,1.0,51.0,1.0,2.0,1.0,7.0,1.0,1.0,0.245,0.299,0.348,0.647,*46H5/7D9
519,Guillermo Heredia\heredgu01,0.5,2016,25,SEA,AL,45,107,92,12,23,3,0,1,12.0,12,0.0,15.0,2.0,1.0,0.0,1.0,1.0,1.0,0.25,0.349,0.315,0.664,*79/H8
520,Hank Conger\congeha01,-0.5,2016,28,TBR,AL,49,137,124,6,24,5,0,3,10.0,12,0.0,40.0,0.0,1.0,0.0,4.0,0.0,0.0,0.194,0.265,0.306,0.571,*2/H
521,Hanley Ramirez\ramirha01,2.8,2016,32,BOS,AL,147,620,549,81,157,28,1,30,111.0,60,5.0,120.0,7.0,0.0,4.0,17.0,9.0,3.0,0.286,0.361,0.505,0.866,*3D/H
523,Hanser Alberto\alberha01,-0.2,2016,23,TEX,AL,35,58,56,2,8,1,0,0,5.0,0,0.0,17.0,0.0,2.0,0.0,1.0,1.0,0.0,0.143,0.143,0.161,0.304,H5/64D3
524,Heath Hembree\hembrhe01,0.0,2016,27,BOS,AL,38,0,0,0,0,0,0,0,0.0,0,0.0,0.0,0.0,0.0,0.0,0.0,0.0,0.0,,,,,*1
529,Hector Santiago\santihe01,0.0,2016,28,TOT,AL,33,3,3,0,1,0,0,0,0.0,0,0.0,1.0,0.0,0.0,0.0,0.0,0.0,0.0,0.333,0.333,0.333,0.667,*1
530,Henry Owens\owenshe02,,2016,23,BOS,AL,5,0,0,0,0,0,0,0,,0,,,,,,,,,,,,,/*1
533,Hisashi Iwakuma\iwakuhi01,0.0,2016,35,SEA,AL,33,3,2,0,0,0,0,0,0.0,0,0.0,1.0,0.0,1.0,0.0,0.0,0.0,0.0,0.0,0.0,0.0,0.0,*1
537,Hunter Dozier\doziehu01,0.0,2016,24,KCR,AL,8,21,19,4,4,1,0,0,1.0,2,0.0,8.0,0.0,0.0,0.0,0.0,0.0,0.0,0.211,0.286,0.263,0.549,/*9HD
541,Huston Street\streehu01,0.0,2016,32,LAA,AL,26,0,0,0,0,0,0,0,0.0,0,0.0,0.0,0.0,0.0,0.0,0.0,0.0,0.0,,,,,*1
542,Hyun Soo Kim\kimhy01,0.6,2016,28,BAL,AL,95,346,305,36,92,16,1,6,22.0,36,0.0,51.0,4.0,0.0,1.0,5.0,1.0,3.0,0.302,0.382,0.42,0.801,*7H
544,Ian Desmond\desmoia01,2.7,2016,30,TEX,AL,156,677,625,107,178,29,3,22,86.0,44,2.0,160.0,5.0,0.0,3.0,11.0,21.0,6.0,0.285,0.335,0.446,0.782,*87
545,Ian Kennedy\kenneia01,0.0,2016,31,KCR,AL,33,3,3,0,0,0,0,0,0.0,0,0.0,2.0,0.0,0.0,0.0,0.0,0.0,0.0,0.0,0.0,0.0,0.0,*1
546,Ian Kinsler\kinslia01,6.1,2016,34,DET,AL,153,679,618,117,178,29,4,28,83.0,45,0.0,115.0,13.0,0.0,3.0,5.0,14.0,6.0,0.288,0.348,0.484,0.831,*4/HD
549,Ike Davis\davisik02,-0.1,2016,29,NYY,AL,8,15,14,2,3,0,0,0,1.0,1,0.0,5.0,0.0,0.0,0.0,1.0,0.0,0.0,0.214,0.267,0.214,0.481,/*3H
552,J.A. Happ\happja01,0.3,2016,33,TOR,AL,32,10,7,2,2,0,0,0,0.0,0,0.0,3.0,0.0,3.0,0.0,0.0,0.0,0.0,0.286,0.286,0.286,0.571,*1
553,J.B. Shuck\shuckja01,-1.8,2016,29,CHW,AL,81,241,224,27,46,5,2,4,14.0,12,0.0,21.0,1.0,3.0,1.0,5.0,3.0,3.0,0.205,0.248,0.299,0.547,*8HD/791
554,J.B. Wendelken\wendejb01,0.0,2016,23,OAK,AL,8,0,0,0,0,0,0,0,0.0,0,0.0,0.0,0.0,0.0,0.0,0.0,0.0,0.0,,,,,/*1
556,J.D. Martinez\martijd02,1.8,2016,28,DET,AL,120,517,460,69,141,35,2,22,68.0,49,2.0,128.0,3.0,0.0,5.0,13.0,1.0,2.0,0.307,0.373,0.535,0.908,*9/HD
557,J.J. Hardy\hardyjj01,1.9,2016,33,BAL,AL,115,438,405,43,109,29,0,9,48.0,26,1.0,68.0,0.0,1.0,6.0,14.0,0.0,0.0,0.269,0.309,0.407,0.716,*6
560,J.R. Graham\grahajr01,,2016,26,MIN,AL,1,0,0,0,0,0,0,0,,0,,,,,,,,,,,,,/*1
561,J.T. Chargois\chargjt01,0.0,2016,25,MIN,AL,25,0,0,0,0,0,0,0,0.0,0,0.0,0.0,0.0,0.0,0.0,0.0,0.0,0.0,,,,,*1
565,Jackie Bradley\bradlja02,5.3,2016,26,BOS,AL,156,636,558,94,149,30,7,26,87.0,63,5.0,143.0,10.0,0.0,5.0,10.0,9.0,2.0,0.267,0.349,0.486,0.835,*8/H
569,Jacob Turner\turneja01,0.0,2016,25,CHW,AL,18,0,0,0,0,0,0,0,0.0,0,0.0,0.0,0.0,0.0,0.0,0.0,0.0,0.0,,,,,*1
570,Jacoby Ellsbury\ellsbja01,2.8,2016,32,NYY,AL,148,626,551,71,145,24,5,9,56.0,54,1.0,84.0,2.0,4.0,3.0,11.0,20.0,8.0,0.263,0.33,0.374,0.703,*8/H
571,JaCoby Jones\jonesja07,0.0,2016,24,DET,AL,13,28,28,3,6,3,0,0,2.0,0,0.0,12.0,0.0,0.0,0.0,1.0,0.0,0.0,0.214,0.214,0.321,0.536,/58HD
572,Jaff Decker\deckeja01,-0.7,2016,26,TBR,AL,19,57,52,1,8,1,0,0,1.0,4,0.0,14.0,0.0,0.0,1.0,1.0,1.0,0.0,0.154,0.211,0.173,0.384,*9/H78D
577,Jake Diekman\diekmja01,0.0,2016,29,TEX,AL,66,0,0,0,0,0,0,0,0.0,0,0.0,0.0,0.0,0.0,0.0,0.0,0.0,0.0,,,,,*1
581,Jake Marisnick\marisja01,1.7,2016,25,HOU,AL,118,311,287,40,60,18,1,5,21.0,16,0.0,83.0,3.0,4.0,1.0,4.0,10.0,5.0,0.209,0.257,0.331,0.588,*87H/9D
583,Jake Odorizzi\odorija01,0.0,2016,26,TBR,AL,33,4,4,0,1,0,0,0,1.0,0,0.0,1.0,0.0,0.0,0.0,0.0,0.0,0.0,0.25,0.25,0.25,0.5,*1
585,Jake Petricka\petrija01,,2016,28,CHW,AL,9,0,0,0,0,0,0,0,,0,,,,,,,,,,,,,/*1
587,Jake Smolinski\smolija01,-0.3,2016,27,OAK,AL,99,319,290,28,69,6,2,7,27.0,19,0.0,44.0,7.0,1.0,2.0,11.0,1.0,2.0,0.238,0.299,0.345,0.644,897H/D
589,James Beresford\beresja01,-0.1,2016,27,MIN,AL,10,24,22,0,5,1,0,0,0.0,1,0.0,6.0,0.0,1.0,0.0,0.0,0.0,0.0,0.227,0.261,0.273,0.534,/*3H54
590,James Hoyt\hoytja01,0.0,2016,29,HOU,AL,22,0,0,0,0,0,0,0,0.0,0,0.0,0.0,0.0,0.0,0.0,0.0,0.0,0.0,,,,,*1
592,James McCann\mccanja02,1.1,2016,26,DET,AL,105,373,344,31,76,9,1,12,48.0,23,0.0,109.0,2.0,1.0,3.0,12.0,0.0,1.0,0.221,0.272,0.358,0.629,*2/HD
593,James Paxton\paxtoja01,0.0,2016,27,SEA,AL,20,4,3,0,0,0,0,0,0.0,1,0.0,3.0,0.0,0.0,0.0,0.0,0.0,0.0,0.0,0.25,0.0,0.25,*1
594,James Pazos\pazosja01,,2016,25,NYY,AL,7,0,0,0,0,0,0,0,,0,,,,,,,,,,,,,/*1
598,Jandel Gustave\gustaja01,,2016,23,HOU,AL,14,0,0,0,0,0,0,0,,0,,,,,,,,,,,,,*1
599,Jared Hoying\hoyinja01,-0.3,2016,27,TEX,AL,39,49,46,8,10,2,0,0,5.0,3,0.0,8.0,0.0,0.0,0.0,0.0,1.0,0.0,0.217,0.265,0.261,0.526,H97/D81
603,Jarrod Dyson\dysonja01,3.1,2016,31,KCR,AL,107,337,299,46,83,14,8,1,25.0,26,2.0,39.0,3.0,8.0,1.0,4.0,30.0,7.0,0.278,0.34,0.388,0.728,*897H/D
604,Jarrod Saltalamacchia\saltaja01,-0.2,2016,31,DET,AL,92,292,246,30,42,5,1,12,38.0,41,1.0,104.0,0.0,0.0,5.0,1.0,0.0,0.0,0.171,0.284,0.346,0.63,*2H3/D
605,Jason Castro\castrja01,0.9,2016,29,HOU,AL,113,376,329,41,69,16,3,11,32.0,45,0.0,123.0,1.0,1.0,0.0,9.0,2.0,1.0,0.21,0.307,0.377,0.684,*2/3H
606,Jason Coats\coatsja01,0.2,2016,26,CHW,AL,28,58,50,8,10,4,0,1,4.0,5,0.0,12.0,2.0,1.0,0.0,1.0,1.0,0.0,0.2,0.298,0.34,0.638,9H/7D
612,Jason Kipnis\kipnija01,4.1,2016,29,CLE,AL,156,688,610,91,168,41,4,23,82.0,60,0.0,146.0,6.0,5.0,7.0,21.0,15.0,3.0,0.275,0.343,0.469,0.811,*4/DH
615,Jason Vargas\vargaja01,,2016,33,KCR,AL,3,0,0,0,0,0,0,0,,0,,,,,,,,,,,,,/*1
618,Javy Guerra\guerrja01,0.0,2016,30,LAA,AL,7,0,0,0,0,0,0,0,0.0,0,0.0,0.0,0.0,0.0,0.0,0.0,0.0,0.0,,,,,/*1
620,Jayson Aquino\aquinja01,0.0,2016,23,BAL,AL,3,0,0,0,0,0,0,0,0.0,0,0.0,0.0,0.0,0.0,0.0,0.0,0.0,0.0,,,,,/*1
625,Jed Lowrie\lowrije01,-0.4,2016,32,OAK,AL,87,369,338,30,89,12,1,2,27.0,26,0.0,65.0,1.0,0.0,4.0,10.0,0.0,0.0,0.263,0.314,0.322,0.637,*4/DH6
630,Jeff Manship\manshje01,0.0,2016,31,CLE,AL,53,0,0,0,0,0,0,0,0.0,0,0.0,0.0,0.0,0.0,0.0,0.0,0.0,0.0,,,,,*1
633,Jefry Marte\marteje01,1.2,2016,25,LAA,AL,88,284,258,38,65,14,0,15,44.0,18,0.0,59.0,5.0,0.0,3.0,8.0,2.0,2.0,0.252,0.31,0.481,0.79,375H/D
637,Jered Weaver\weaveje02,-0.1,2016,33,LAA,AL,31,9,9,0,0,0,0,0,0.0,0,0.0,4.0,0.0,0.0,0.0,0.0,0.0,0.0,0.0,0.0,0.0,0.0,*1
643,Jerry Sands\sandsje01,-0.3,2016,28,CHW,AL,24,58,55,2,13,0,0,1,7.0,3,0.0,24.0,0.0,0.0,0.0,3.0,0.0,0.0,0.236,0.276,0.291,0.567,D/H379
645,Jesse Hahn\hahnje01,0.0,2016,26,OAK,AL,9,1,1,0,0,0,0,0,0.0,0,0.0,1.0,0.0,0.0,0.0,0.0,0.0,0.0,0.0,0.0,0.0,0.0,/*1
646,Jesus Aguilar\aguilje01,-0.2,2016,26,CLE,AL,9,6,6,0,0,0,0,0,0.0,0,0.0,1.0,0.0,0.0,0.0,0.0,0.0,0.0,0.0,0.0,0.0,0.0,/*3HD
647,Jesus Sucre\sucreje01,0.5,2016,28,SEA,AL,9,29,25,4,12,2,0,1,5.0,2,0.0,5.0,2.0,0.0,0.0,1.0,0.0,0.0,0.48,0.552,0.68,1.232,/*2
648,Jett Bandy\bandyje01,1.0,2016,26,LAA,AL,70,231,209,23,49,9,0,8,25.0,11,0.0,38.0,4.0,3.0,4.0,5.0,1.0,0.0,0.234,0.281,0.392,0.673,*2/HD
651,Jharel Cotton\cottojh01,,2016,24,OAK,AL,5,0,0,0,0,0,0,0,,0,,,,,,,,,,,,,/*1
656,Ji-Man Choi\choiji01,-0.6,2016,25,LAA,AL,54,129,112,9,19,4,0,5,12.0,16,1.0,27.0,0.0,0.0,1.0,2.0,2.0,4.0,0.17,0.271,0.339,0.611,*37H/D
659,Jimmy Rollins\rolliji01,-0.1,2016,37,CHW,AL,41,166,149,25,33,8,1,2,8.0,16,0.0,33.0,0.0,0.0,1.0,2.0,5.0,2.0,0.221,0.295,0.329,0.624,*6/DH
660,Joakim Soria\soriajo01,0.0,2016,32,KCR,AL,70,0,0,0,0,0,0,0,0.0,0,0.0,0.0,0.0,0.0,0.0,0.0,0.0,0.0,,,,,*1
661,Joaquin Benoit\benoijo01,0.0,2016,38,TOT,AL,51,0,0,0,0,0,0,0,0.0,0,0.0,0.0,0.0,0.0,0.0,0.0,0.0,0.0,,,,,*1
662,Joba Chamberlain\chambjo03,0.0,2016,30,CLE,AL,20,0,0,0,0,0,0,0,0.0,0,0.0,0.0,0.0,0.0,0.0,0.0,0.0,0.0,,,,,*1
664,Joe Biagini\biagijo01,0.0,2016,26,TOR,AL,60,0,0,0,0,0,0,0,0.0,0,0.0,0.0,0.0,0.0,0.0,0.0,0.0,0.0,,,,,*1
666,Joe Kelly\kellyjo05,0.0,2016,28,BOS,AL,20,0,0,0,0,0,0,0,0.0,0,0.0,0.0,0.0,0.0,0.0,0.0,0.0,0.0,,,,,*1
667,Joe Mantiply\mantijo01,,2016,25,DET,AL,5,0,0,0,0,0,0,0,,0,,,,,,,,,,,,,/*1
668,Joe Mauer\mauerjo01,2.2,2016,33,MIN,AL,134,576,494,68,129,22,4,11,49.0,79,10.0,93.0,1.0,0.0,2.0,11.0,2.0,0.0,0.261,0.363,0.389,0.752,*3D/H
673,Joe Wieland\wielajo01,,2016,26,SEA,AL,1,0,0,0,0,0,0,0,,0,,,,,,,,,,,,,/*1
677,Joey Gallo\gallojo01,-0.3,2016,22,TEX,AL,17,30,25,2,1,0,0,1,1.0,5,0.0,19.0,0.0,0.0,0.0,0.0,1.0,0.0,0.04,0.2,0.16,0.36,/HD53
678,Joey Rickard\rickajo01,-0.5,2016,25,BAL,AL,85,282,257,32,69,13,0,5,19.0,18,0.0,54.0,2.0,3.0,2.0,3.0,4.0,1.0,0.268,0.319,0.377,0.696,*978H
680,Joey Wendle\wendljo01,0.3,2016,26,OAK,AL,28,104,96,11,25,1,0,1,11.0,6,0.0,16.0,0.0,0.0,2.0,3.0,2.0,0.0,0.26,0.298,0.302,0.6,*4/H
681,John Axford\axforjo01,0.0,2016,33,OAK,AL,68,0,0,0,0,0,0,0,0.0,0,0.0,0.0,0.0,0.0,0.0,0.0,0.0,0.0,,,,,*1
682,John Danks\danksjo01,,2016,31,CHW,AL,4,0,0,0,0,0,0,0,,0,,,,,,,,,,,,,/*1
684,John Hicks\hicksjo02,0.1,2016,26,DET,AL,1,2,2,1,1,1,0,0,0.0,0,0.0,0.0,0.0,0.0,0.0,0.0,0.0,0.0,0.5,0.5,1.0,1.5,/*3
688,John Ryan Murphy\murphjr01,-0.5,2016,25,MIN,AL,26,90,82,4,12,3,0,1,3.0,5,0.0,19.0,0.0,2.0,1.0,3.0,0.0,0.0,0.146,0.193,0.22,0.413,*2/H
689,Johnny Barbato\barbajo01,,2016,23,NYY,AL,13,0,0,0,0,0,0,0,,0,,,,,,,,,,,,,*1
691,Johnny Giavotella\giavojo01,0.5,2016,28,LAA,AL,99,367,346,44,90,20,1,6,31.0,13,0.0,39.0,1.0,4.0,3.0,11.0,4.0,3.0,0.26,0.287,0.376,0.662,*4/H
698,Jonathan Aro\arojo01,,2016,25,SEA,AL,1,0,0,0,0,0,0,0,,0,,,,,,,,,,,,,/*1
700,Jonathan Holder\holdejo02,,2016,23,NYY,AL,8,0,0,0,0,0,0,0,,0,,,,,,,,,,,,,/*1
703,Jonathan Schoop\schoojo01,2.1,2016,24,BAL,AL,162,647,615,82,164,38,1,25,82.0,21,0.0,137.0,8.0,0.0,3.0,16.0,1.0,2.0,0.267,0.298,0.454,0.752,*4
708,Jordan Zimmermann\zimmejo02,0.0,2016,30,DET,AL,19,5,4,0,1,0,0,0,0.0,0,0.0,2.0,0.0,1.0,0.0,0.0,0.0,0.0,0.25,0.25,0.25,0.5,*1
712,Jorge Polanco\polanjo01,0.6,2016,22,MIN,AL,69,270,245,24,69,15,4,4,27.0,17,0.0,46.0,3.0,2.0,3.0,3.0,4.0,3.0,0.282,0.332,0.424,0.757,*6/5H4D
715,Jose Abreu\abreujo02,2.8,2016,29,CHW,AL,159,695,624,67,183,32,1,25,100.0,47,7.0,125.0,15.0,0.0,9.0,21.0,0.0,2.0,0.293,0.353,0.468,0.82,*3/D
716,Jose Altuve\altuvjo01,7.7,2016,26,HOU,AL,161,717,640,108,216,42,5,24,96.0,60,11.0,70.0,7.0,3.0,7.0,15.0,30.0,10.0,0.338,0.396,0.531,0.928,*4D/H6
717,Jose Alvarez\alvarjo02,0.0,2016,27,LAA,AL,64,1,1,0,0,0,0,0,0.0,0,0.0,0.0,0.0,0.0,0.0,0.0,0.0,0.0,0.0,0.0,0.0,0.0,*1
718,Jose Bautista\bautijo02,1.0,2016,35,TOR,AL,116,517,423,68,99,24,1,22,69.0,87,1.0,103.0,3.0,0.0,4.0,21.0,2.0,2.0,0.234,0.366,0.452,0.817,*9D/3
719,Jose Berrios\berrijo01,0.1,2016,22,MIN,AL,14,1,1,0,1,0,0,0,0.0,0,0.0,0.0,0.0,0.0,0.0,0.0,0.0,0.0,1.0,1.0,1.0,2.0,*1
723,Jose Iglesias\iglesjo01,1.8,2016,26,DET,AL,137,513,467,57,119,26,0,4,32.0,28,1.0,50.0,8.0,7.0,3.0,12.0,7.0,4.0,0.255,0.306,0.336,0.643,*6/H
724,Jose Leclerc\leclejo01,0.0,2016,22,TEX,AL,12,0,0,0,0,0,0,0,0.0,0,0.0,0.0,0.0,0.0,0.0,0.0,0.0,0.0,,,,,*1
729,Jose Quintana\quintjo01,0.0,2016,27,CHW,AL,32,2,2,0,0,0,0,0,0.0,0,0.0,1.0,0.0,0.0,0.0,0.0,0.0,0.0,0.0,0.0,0.0,0.0,*1
730,Jose Ramirez\ramirjo01,3.9,2016,23,CLE,AL,152,618,565,84,176,46,3,11,76.0,44,1.0,62.0,4.0,1.0,4.0,10.0,22.0,7.0,0.312,0.363,0.462,0.825,*57/4H6
736,Jose Valdez\valdejo03,,2016,26,LAA,AL,25,0,0,0,0,0,0,0,,0,,,,,,,,,,,,,*1
737,Joseph Colon\colonjo01,0.0,2016,26,CLE,AL,11,0,0,0,0,0,0,0,0.0,0,0.0,0.0,0.0,0.0,0.0,0.0,0.0,0.0,,,,,*1
738,Joseph Musgrove\musgrjo01,0.0,2016,23,HOU,AL,11,1,0,0,0,0,0,0,0.0,0,0.0,0.0,0.0,1.0,0.0,0.0,0.0,0.0,,,,,*1
741,Josh Donaldson\donaljo02,7.4,2016,30,TOR,AL,155,700,577,122,164,32,5,37,99.0,109,6.0,119.0,9.0,2.0,3.0,16.0,7.0,1.0,0.284,0.404,0.549,0.953,*5D/H
746,Josh Phegley\phegljo01,0.2,2016,28,OAK,AL,26,86,78,11,20,6,0,1,10.0,5,0.0,13.0,2.0,0.0,1.0,4.0,0.0,0.0,0.256,0.314,0.372,0.686,*2/H1
749,Josh Rutledge\rutlejo01,0.4,2016,27,BOS,AL,28,56,49,9,13,6,0,0,3.0,6,0.0,19.0,0.0,1.0,0.0,3.0,2.0,0.0,0.265,0.345,0.388,0.733,*5/H46
752,Josh Thole\tholejo01,-0.8,2016,29,TOR,AL,50,136,118,7,20,3,0,1,7.0,13,0.0,28.0,1.0,2.0,2.0,4.0,0.0,0.0,0.169,0.254,0.22,0.474,*2/H
753,Josh Tomlin\tomlijo01,0.1,2016,31,CLE,AL,30,6,5,1,2,1,0,0,0.0,0,0.0,2.0,0.0,1.0,0.0,0.0,0.0,0.0,0.4,0.4,0.6,1.0,*1
755,Juan Centeno\centeju01,0.8,2016,26,MIN,AL,55,192,176,16,46,12,1,3,25.0,12,0.0,38.0,1.0,3.0,0.0,8.0,0.0,0.0,0.261,0.312,0.392,0.704,*2/HD
756,Juan Graterol\grateju01,0.2,2016,27,LAA,AL,9,15,14,2,4,2,0,0,3.0,0,0.0,3.0,0.0,1.0,0.0,0.0,0.0,0.0,0.286,0.286,0.429,0.714,/*2
758,Juan Minaya\minayju01,0.0,2016,25,CHW,AL,11,0,0,0,0,0,0,0,0.0,0,0.0,0.0,0.0,0.0,0.0,0.0,0.0,0.0,,,,,*1
760,Juan Uribe\uribeju01,-0.5,2016,37,CLE,AL,73,259,238,19,49,9,0,7,25.0,15,1.0,49.0,3.0,0.0,3.0,6.0,0.0,0.0,0.206,0.259,0.332,0.591,*5/HD
761,Julio Borbon\borboju01,-0.3,2016,30,BAL,AL,6,15,13,1,4,0,0,0,0.0,0,0.0,3.0,0.0,2.0,0.0,0.0,0.0,1.0,0.308,0.308,0.308,0.615,/*7*8
766,Junichi Tazawa\tazawju01,0.0,2016,30,BOS,AL,53,0,0,0,0,0,0,0,0.0,0,0.0,0.0,0.0,0.0,0.0,0.0,0.0,0.0,,,,,*1
767,Juniel Querecuto\quereju01,-0.1,2016,23,TBR,AL,4,11,11,1,1,0,1,0,2.0,0,0.0,6.0,0.0,0.0,0.0,0.0,0.0,0.0,0.091,0.091,0.273,0.364,/*465
769,Junior Lake\lakeju01,-0.2,2016,26,TOR,AL,22,39,35,5,7,3,0,1,2.0,4,0.0,11.0,0.0,0.0,0.0,0.0,1.0,0.0,0.2,0.282,0.371,0.653,*9/H3
770,Jurickson Profar\profaju01,0.0,2016,23,TEX,AL,90,307,272,35,65,6,3,5,20.0,30,0.0,61.0,3.0,2.0,0.0,7.0,2.0,1.0,0.239,0.321,0.338,0.66,543H76/D
773,Justin Marks\marksju01,,2016,28,TBR,AL,4,0,0,0,0,0,0,0,,0,,,,,,,,,,,,,/*1
775,Justin Morneau\morneju01,0.3,2016,35,CHW,AL,58,218,203,16,53,14,1,6,25.0,12,1.0,52.0,1.0,0.0,2.0,5.0,0.0,0.0,0.261,0.303,0.429,0.731,*D/H
778,Justin Smoak\smoakju01,-0.4,2016,29,TOR,AL,126,341,299,33,65,10,0,14,34.0,40,1.0,112.0,2.0,0.0,0.0,7.0,1.0,0.0,0.217,0.314,0.391,0.705,*3H/D
780,Justin Upton\uptonju01,2.0,2016,28,DET,AL,153,626,570,81,140,28,2,31,87.0,50,3.0,179.0,4.0,0.0,2.0,15.0,9.0,4.0,0.246,0.31,0.465,0.775,*7/8HD
781,Justin Verlander\verlaju01,0.0,2016,33,DET,AL,34,5,5,1,1,0,0,0,0.0,0,0.0,2.0,0.0,0.0,0.0,0.0,0.0,0.0,0.2,0.2,0.2,0.4,*1
782,Justin Wilson\wilsoju10,0.0,2016,28,DET,AL,66,0,0,0,0,0,0,0,0.0,0,0.0,0.0,0.0,0.0,0.0,0.0,0.0,0.0,,,,,*1
783,Kaleb Cowart\cowarka01,-0.4,2016,24,LAA,AL,31,87,85,8,15,4,0,1,8.0,0,0.0,23.0,1.0,0.0,1.0,1.0,0.0,0.0,0.176,0.184,0.259,0.443,*5*4/H3
787,Kelvin Herrera\herreke01,0.0,2016,26,KCR,AL,72,0,0,0,0,0,0,0,0.0,0,0.0,0.0,0.0,0.0,0.0,0.0,0.0,0.0,,,,,*1
789,Ken Giles\gileske01,0.0,2016,25,HOU,AL,69,0,0,0,0,0,0,0,0.0,0,0.0,0.0,0.0,0.0,0.0,0.0,0.0,0.0,,,,,*1
790,Kendall Graveman\graveke01,-0.1,2016,25,OAK,AL,31,5,4,0,0,0,0,0,0.0,0,0.0,3.0,0.0,1.0,0.0,0.0,0.0,0.0,0.0,0.0,0.0,0.0,*1
792,Kendrys Morales\moralke01,0.9,2016,33,KCR,AL,154,618,558,65,147,24,0,30,93.0,48,2.0,120.0,7.0,0.0,5.0,20.0,0.0,0.0,0.263,0.327,0.468,0.795,*D/39H
794,Kennys Vargas\vargake01,0.7,2016,25,MIN,AL,47,177,152,27,35,11,0,10,20.0,24,1.0,57.0,0.0,0.0,1.0,2.0,0.0,0.0,0.23,0.333,0.5,0.833,*3D/H
797,Keone Kela\kelake01,0.0,2016,23,TEX,AL,35,0,0,0,0,0,0,0,0.0,0,0.0,0.0,0.0,0.0,0.0,0.0,0.0,0.0,,,,,*1
798,Ketel Marte\marteke01,0.3,2016,22,SEA,AL,119,466,437,55,113,21,2,1,33.0,18,0.0,84.0,2.0,3.0,6.0,10.0,11.0,5.0,0.259,0.287,0.323,0.61,*6/H
799,Kevan Smith\smithke04,-0.1,2016,28,CHW,AL,7,16,16,2,2,0,0,0,0.0,0,0.0,6.0,0.0,0.0,0.0,1.0,0.0,0.0,0.125,0.125,0.125,0.25,/*2D
800,Kevin Chapman\chapmke02,,2016,28,HOU,AL,9,0,0,0,0,0,0,0,,0,,,,,,,,,,,,,/*1
801,Kevin Gausman\gausmke01,0.0,2016,25,BAL,AL,30,3,2,0,0,0,0,0,0.0,1,0.0,2.0,0.0,0.0,0.0,0.0,0.0,0.0,0.0,0.333,0.0,0.333,*1
802,Kevin Jepsen\jepseke01,0.0,2016,31,TOT,AL,58,0,0,0,0,0,0,0,0.0,0,0.0,0.0,0.0,0.0,0.0,0.0,0.0,0.0,,,,,*1
803,Kevin Kiermaier\kiermke01,5.5,2016,26,TBR,AL,105,414,366,55,90,20,2,12,37.0,40,1.0,74.0,7.0,0.0,1.0,5.0,21.0,3.0,0.246,0.331,0.41,0.741,*8/H
804,Kevin McCarthy\mccarke01,,2016,24,KCR,AL,10,0,0,0,0,0,0,0,,0,,,,,,,,,,,,,*1
805,Kevin Pillar\pillake01,3.4,2016,27,TOR,AL,146,584,548,59,146,35,2,7,53.0,24,0.0,90.0,6.0,3.0,3.0,12.0,14.0,6.0,0.266,0.303,0.376,0.679,*8
810,Khris Davis\daviskh01,2.8,2016,28,OAK,AL,150,610,555,85,137,24,2,42,102.0,42,0.0,166.0,8.0,0.0,5.0,19.0,1.0,2.0,0.247,0.307,0.524,0.831,*7D/H
811,Kirby Yates\yateski01,0.0,2016,29,NYY,AL,41,0,0,0,0,0,0,0,0.0,0,0.0,0.0,0.0,0.0,0.0,0.0,0.0,0.0,,,,,*1
814,Koji Uehara\ueharko01,0.0,2016,41,BOS,AL,50,0,0,0,0,0,0,0,0.0,0,0.0,0.0,0.0,0.0,0.0,0.0,0.0,0.0,,,,,*1
815,Kole Calhoun\calhoko01,3.4,2016,28,LAA,AL,157,672,594,91,161,35,5,18,75.0,67,0.0,118.0,6.0,0.0,5.0,10.0,2.0,3.0,0.271,0.348,0.438,0.786,*9/DH
818,Kris Medlen\medlekr01,,2016,30,KCR,AL,6,0,0,0,0,0,0,0,,0,,,,,,,,,,,,,/*1
819,Kurt Suzuki\suzukku01,0.4,2016,32,MIN,AL,106,373,345,34,89,24,1,8,49.0,18,0.0,48.0,5.0,1.0,4.0,9.0,0.0,0.0,0.258,0.301,0.403,0.704,*2/HD
821,Kyle Crockett\crockky01,0.0,2016,24,CLE,AL,29,0,0,0,0,0,0,0,0.0,0,0.0,0.0,0.0,0.0,0.0,0.0,0.0,0.0,,,,,*1
823,Kyle Gibson\gibsoky01,-0.1,2016,28,MIN,AL,25,8,7,1,0,0,0,0,0.0,1,0.0,5.0,0.0,0.0,0.0,0.0,0.0,0.0,0.0,0.125,0.0,0.125,*1
827,Kyle Lohse\lohseky01,,2016,37,TEX,AL,2,0,0,0,0,0,0,0,,0,,,,,,,,,,,,,/*1
828,Kyle Ryan\ryanky01,0.0,2016,24,DET,AL,56,0,0,0,0,0,0,0,0.0,0,0.0,0.0,0.0,0.0,0.0,0.0,0.0,0.0,,,,,*1
830,Kyle Seager\seageky01,6.9,2016,28,SEA,AL,158,676,597,89,166,36,3,30,99.0,69,10.0,108.0,8.0,0.0,2.0,18.0,3.0,1.0,0.278,0.359,0.499,0.859,*5/D
832,Lance McCullers\mcculla02,0.1,2016,22,HOU,AL,14,3,3,1,1,0,0,0,0.0,0,0.0,0.0,0.0,0.0,0.0,0.0,0.0,0.0,0.333,0.333,0.333,0.667,*1
835,Leonys Martin\martile01,1.2,2016,28,SEA,AL,143,576,518,72,128,17,3,15,47.0,44,0.0,149.0,3.0,4.0,7.0,10.0,24.0,6.0,0.247,0.306,0.378,0.684,*8
836,Leury Garcia\garcile02,-0.1,2016,25,CHW,AL,18,50,48,6,11,1,1,1,5.0,1,0.0,13.0,1.0,0.0,0.0,0.0,2.0,1.0,0.229,0.26,0.354,0.614,*8/H
837,Liam Hendriks\hendrli01,0.0,2016,27,OAK,AL,53,0,0,0,0,0,0,0,0.0,0,0.0,0.0,0.0,0.0,0.0,0.0,0.0,0.0,,,,,*1
838,Logan Forsythe\forsylo01,3.4,2016,29,TBR,AL,127,567,511,76,135,24,4,20,52.0,46,0.0,127.0,8.0,0.0,2.0,8.0,6.0,6.0,0.264,0.333,0.444,0.778,*4/DH
839,Logan Kensing\kensilo01,0.0,2016,33,DET,AL,3,0,0,0,0,0,0,0,0.0,0,0.0,0.0,0.0,0.0,0.0,0.0,0.0,0.0,,,,,/*1
840,Logan Morrison\morrilo01,0.4,2016,28,TBR,AL,107,398,353,45,84,18,1,14,43.0,37,1.0,89.0,6.0,0.0,2.0,4.0,4.0,2.0,0.238,0.319,0.414,0.733,*3D/H
841,Logan Ondrusek\ondrulo01,0.0,2016,31,BAL,AL,7,0,0,0,0,0,0,0,0.0,0,0.0,0.0,0.0,0.0,0.0,0.0,0.0,0.0,,,,,/*1
842,Logan Schafer\schaflo01,0.1,2016,29,MIN,AL,26,74,63,8,15,3,1,0,1.0,8,0.0,16.0,2.0,1.0,0.0,0.0,0.0,0.0,0.238,0.342,0.317,0.66,7/9H8D
844,Lonnie Chisenhall\chiselo01,1.4,2016,27,CLE,AL,126,418,385,43,110,25,5,8,57.0,23,2.0,70.0,3.0,3.0,4.0,4.0,6.0,0.0,0.286,0.328,0.439,0.767,*9H/385
845,Lorenzo Cain\cainlo01,2.9,2016,30,KCR,AL,103,434,397,56,114,19,1,9,56.0,31,3.0,84.0,2.0,0.0,4.0,15.0,14.0,5.0,0.287,0.339,0.408,0.747,*89/H
851,Luis Cessa\cessalu01,,2016,24,NYY,AL,17,0,0,0,0,0,0,0,,0,,,,,,,,,,,,,*1
855,Luis Severino\severlu01,,2016,22,NYY,AL,22,0,0,0,0,0,0,0,,0,,,,,,,,,,,,,*1
856,Luis Valbuena\valbulu01,2.6,2016,30,HOU,AL,90,342,292,38,76,17,1,13,40.0,44,2.0,81.0,1.0,3.0,2.0,5.0,1.0,1.0,0.26,0.357,0.459,0.816,*5/3H4
857,Luke Gregerson\gregelu01,0.0,2016,32,HOU,AL,59,0,0,0,0,0,0,0,0.0,0,0.0,0.0,0.0,0.0,0.0,0.0,0.0,0.0,,,,,*1
858,Luke Hochevar\hochelu01,0.0,2016,32,KCR,AL,40,0,0,0,0,0,0,0,0.0,0,0.0,0.0,0.0,0.0,0.0,0.0,0.0,0.0,,,,,*1
859,Luke Jackson\jackslu01,,2016,24,TEX,AL,8,0,0,0,0,0,0,0,,0,,,,,,,,,,,,,/*1
860,Luke Maile\mailelu01,0.4,2016,25,TBR,AL,42,126,119,10,27,7,0,3,15.0,4,1.0,36.0,0.0,3.0,0.0,2.0,0.0,0.0,0.227,0.252,0.361,0.613,*2/3HD
867,Manny Machado\machama01,6.7,2016,23,BAL,AL,157,696,640,105,188,40,1,37,96.0,48,9.0,120.0,3.0,0.0,5.0,14.0,0.0,3.0,0.294,0.343,0.533,0.876,*56
872,Marco Estrada\estrama01,-0.1,2016,32,TOR,AL,29,5,5,0,0,0,0,0,0.0,0,0.0,3.0,0.0,0.0,0.0,0.0,0.0,0.0,0.0,0.0,0.0,0.0,*1
873,Marco Hernandez\hernama02,-0.3,2016,23,BOS,AL,40,56,51,11,15,1,0,1,5.0,5,0.0,10.0,0.0,0.0,0.0,0.0,1.0,0.0,0.294,0.357,0.373,0.73,H45/6D
874,Marcus Semien\semiema01,3.0,2016,25,OAK,AL,159,621,568,72,135,27,2,27,75.0,51,1.0,139.0,0.0,1.0,1.0,12.0,10.0,2.0,0.238,0.3,0.435,0.735,*6
875,Marcus Stroman\stromma01,0.1,2016,25,TOR,AL,32,6,5,1,0,0,0,0,0.0,0,0.0,0.0,0.0,1.0,0.0,0.0,0.0,0.0,0.0,0.0,0.0,0.0,*1
876,Mark Canha\canhama01,-0.4,2016,27,OAK,AL,16,44,41,4,5,0,0,3,6.0,0,0.0,20.0,1.0,1.0,1.0,1.0,0.0,1.0,0.122,0.14,0.341,0.481,/H3795D
877,Mark Lowe\lowema01,0.0,2016,33,DET,AL,54,0,0,0,0,0,0,0,0.0,0,0.0,0.0,0.0,0.0,0.0,0.0,0.0,0.0,,,,,*1
880,Mark Teixeira\teixema01,-0.6,2016,36,NYY,AL,116,438,387,43,79,16,0,15,44.0,47,1.0,105.0,2.0,0.0,2.0,7.0,2.0,0.0,0.204,0.292,0.362,0.654,*3/HD
881,Mark Trumbo\trumbma01,1.6,2016,30,BAL,AL,159,667,613,94,157,27,1,47,108.0,51,1.0,170.0,3.0,0.0,0.0,14.0,2.0,0.0,0.256,0.316,0.533,0.85,*9D/37
882,Marlon Byrd\byrdma01,0.3,2016,38,CLE,AL,34,129,115,11,31,6,0,5,19.0,11,1.0,38.0,0.0,0.0,3.0,1.0,0.0,0.0,0.27,0.326,0.452,0.778,*97/HD
884,Martin Perez\perezma02,0.0,2016,25,TEX,AL,33,4,3,0,1,0,0,0,0.0,0,0.0,1.0,0.0,1.0,0.0,0.0,0.0,0.0,0.333,0.333,0.333,0.667,*1
886,Marwin Gonzalez\gonzama01,1.2,2016,27,HOU,AL,141,518,484,55,123,26,3,13,51.0,22,1.0,118.0,5.0,6.0,1.0,16.0,12.0,6.0,0.254,0.293,0.401,0.694,*357H46/D8
887,Masahiro Tanaka\tanakma01,0.0,2016,27,NYY,AL,31,2,2,0,0,0,0,0,0.0,0,0.0,2.0,0.0,0.0,0.0,0.0,0.0,0.0,0.0,0.0,0.0,0.0,*1
888,Mason Williams\willima10,-0.1,2016,24,NYY,AL,12,29,27,4,8,1,0,0,2.0,1,0.0,12.0,0.0,1.0,0.0,0.0,0.0,0.0,0.296,0.321,0.333,0.655,/*97H8D
891,Matt Albers\alberma01,0.1,2016,33,CHW,AL,58,1,1,1,1,1,0,0,0.0,0,0.0,0.0,0.0,0.0,0.0,0.0,0.0,0.0,1.0,1.0,2.0,3.0,*1
892,Matt Andriese\andrima01,0.0,2016,26,TBR,AL,29,1,1,0,0,0,0,0,0.0,0,0.0,0.0,0.0,0.0,0.0,0.0,0.0,0.0,0.0,0.0,0.0,0.0,*1
893,Matt Barnes\barnema01,0.0,2016,26,BOS,AL,62,0,0,0,0,0,0,0,0.0,0,0.0,0.0,0.0,0.0,0.0,0.0,0.0,0.0,,,,,*1
895,Matt Boyd\boydma01,,2016,25,DET,AL,20,0,0,0,0,0,0,0,,0,,,,,,,,,,,,,*1
897,Matt Bush\bushma01,0.0,2016,30,TEX,AL,58,0,0,0,0,0,0,0,0.0,0,0.0,0.0,0.0,0.0,0.0,0.0,0.0,0.0,,,,,*1
901,Matt Davidson\davidma02,0.0,2016,25,CHW,AL,1,2,2,1,1,0,0,0,1.0,0,0.0,1.0,0.0,0.0,0.0,0.0,0.0,0.0,0.5,0.5,0.5,1.0,/*D
903,Matt Dermody\dermoma01,,2016,25,TOR,AL,5,0,0,0,0,0,0,0,,0,,,,,,,,,,,,,/*1
904,Matt Dominguez\dominma01,-0.1,2016,26,TOR,AL,5,12,11,0,0,0,0,0,0.0,1,0.0,3.0,0.0,0.0,0.0,0.0,0.0,0.0,0.0,0.083,0.0,0.083,/*53H
906,Matt Duffy\duffyma02,-0.1,2016,27,HOU,AL,3,3,3,0,0,0,0,0,0.0,0,0.0,2.0,0.0,0.0,0.0,0.0,0.0,0.0,0.0,0.0,0.0,0.0,/*H5
915,Matt McBride\mcbrima02,-0.1,2016,31,OAK,AL,20,44,43,4,9,3,0,0,2.0,1,0.0,10.0,0.0,0.0,0.0,0.0,0.0,0.0,0.209,0.227,0.279,0.506,*2/HD39
917,Matt Olson\olsonma02,-0.1,2016,22,OAK,AL,11,28,21,3,2,1,0,0,0.0,7,0.0,4.0,0.0,0.0,0.0,1.0,0.0,0.0,0.095,0.321,0.143,0.464,/93H
918,Matt Purke\purkema01,,2016,25,CHW,AL,12,0,0,0,0,0,0,0,,0,,,,,,,,,,,,,*1
921,Matt Shoemaker\shoemma01,0.0,2016,29,LAA,AL,27,2,2,0,0,0,0,0,0.0,0,0.0,1.0,0.0,0.0,0.0,0.0,0.0,0.0,0.0,0.0,0.0,0.0,*1
922,Matt Strahm\strahma01,0.0,2016,24,KCR,AL,21,0,0,0,0,0,0,0,0.0,0,0.0,0.0,0.0,0.0,0.0,0.0,0.0,0.0,,,,,*1
926,Matt Wieters\wietema01,1.7,2016,30,BAL,AL,124,464,423,48,103,17,1,17,66.0,32,1.0,85.0,5.0,1.0,3.0,10.0,1.0,0.0,0.243,0.302,0.409,0.711,*2/HD
931,Max Kepler\keplema01,2.4,2016,23,MIN,AL,113,447,396,52,93,20,2,17,63.0,42,3.0,93.0,3.0,1.0,5.0,2.0,6.0,2.0,0.235,0.309,0.424,0.734,*9/8H3
933,Max Muncy\muncyma01,-0.1,2016,25,OAK,AL,51,133,113,13,21,2,0,2,8.0,20,1.0,24.0,0.0,0.0,0.0,2.0,0.0,0.0,0.186,0.308,0.257,0.565,49H/7D5
935,Max Stassi\stassma01,-0.2,2016,25,HOU,AL,9,13,13,1,1,0,0,0,0.0,0,0.0,5.0,0.0,0.0,0.0,0.0,0.0,0.0,0.077,0.077,0.077,0.154,/*2H
936,Mayckol Guaipe\guaipma01,,2016,25,SEA,AL,5,0,0,0,0,0,0,0,,0,,,,,,,,,,,,,/*1
937,Melky Cabrera\cabreme01,2.6,2016,31,CHW,AL,151,646,591,70,175,42,5,14,86.0,47,2.0,69.0,0.0,3.0,5.0,17.0,2.0,0.0,0.296,0.345,0.455,0.8,*7/DH
942,Michael Brantley\brantmi02,-0.1,2016,29,CLE,AL,11,43,39,5,9,2,0,0,7.0,3,1.0,6.0,0.0,0.0,1.0,1.0,1.0,0.0,0.231,0.279,0.282,0.561,*7/H
944,Michael Feliz\felizmi01,0.0,2016,23,HOU,AL,47,0,0,0,0,0,0,0,0.0,0,0.0,0.0,0.0,0.0,0.0,0.0,0.0,0.0,,,,,*1
945,Michael Fulmer\fulmemi01,0.0,2016,23,DET,AL,26,2,2,0,0,0,0,0,0.0,0,0.0,2.0,0.0,0.0,0.0,0.0,0.0,0.0,0.0,0.0,0.0,0.0,*1
949,Michael Martinez\martimi02,0.1,2016,33,TOT,AL,63,106,101,16,24,4,0,1,4.0,4,0.0,23.0,0.0,1.0,0.0,1.0,0.0,2.0,0.238,0.267,0.307,0.574,4H98/76D5
951,Michael Pineda\pinedmi01,0.0,2016,27,NYY,AL,32,1,1,0,0,0,0,0,0.0,0,0.0,1.0,0.0,0.0,0.0,0.0,0.0,0.0,0.0,0.0,0.0,0.0,*1
953,Michael Roth\rothmi01,,2016,26,TEX,AL,1,0,0,0,0,0,0,0,,0,,,,,,,,,,,,,/*1
954,Michael Saunders\saundmi01,1.3,2016,29,TOR,AL,140,558,490,70,124,32,3,24,57.0,59,2.0,157.0,5.0,1.0,3.0,14.0,1.0,2.0,0.253,0.338,0.478,0.815,*79/HD8
956,Michael Tonkin\tonkimi01,0.0,2016,26,MIN,AL,65,2,2,0,0,0,0,0,0.0,0,0.0,1.0,0.0,0.0,0.0,0.0,0.0,0.0,0.0,0.0,0.0,0.0,*1
958,Michael Ynoa\ynoami01,0.0,2016,24,CHW,AL,23,0,0,0,0,0,0,0,0.0,0,0.0,0.0,0.0,0.0,0.0,0.0,0.0,0.0,,,,,*1
959,Miguel Cabrera\cabremi01,4.9,2016,33,DET,AL,158,679,595,92,188,31,1,38,108.0,75,15.0,116.0,4.0,0.0,5.0,26.0,0.0,0.0,0.316,0.393,0.563,0.956,*3/DH5
961,Miguel Gonzalez\gonzami03,0.0,2016,32,CHW,AL,24,1,1,0,0,0,0,0,0.0,0,0.0,1.0,0.0,0.0,0.0,0.0,0.0,0.0,0.0,0.0,0.0,0.0,*1
964,Miguel Sano\sanomi01,0.8,2016,23,MIN,AL,116,495,437,57,103,22,1,25,66.0,54,1.0,178.0,1.0,0.0,3.0,8.0,1.0,0.0,0.236,0.319,0.462,0.781,59D/H
966,Mike Aviles\avilemi01,-1.3,2016,35,DET,AL,68,181,167,17,35,5,1,1,6.0,9,0.0,27.0,2.0,3.0,0.0,5.0,2.0,2.0,0.21,0.258,0.269,0.528,9H4/5768D
969,Mike Clevinger\clevimi01,0.0,2016,25,CLE,AL,17,2,2,0,0,0,0,0,0.0,0,0.0,0.0,0.0,0.0,0.0,0.0,0.0,0.0,0.0,0.0,0.0,0.0,*1
971,Mike Fiers\fiersmi01,,2016,31,HOU,AL,31,0,0,0,0,0,0,0,,0,,,,,,,,,,,,,*1
976,Mike Miller\millemi01,0.0,2016,26,BOS,AL,1,1,1,0,0,0,0,0,0.0,0,0.0,0.0,0.0,0.0,0.0,0.0,0.0,0.0,0.0,0.0,0.0,0.0,/*4
978,Mike Morin\morinmi01,0.0,2016,25,LAA,AL,60,0,0,0,0,0,0,0,0.0,0,0.0,0.0,0.0,0.0,0.0,0.0,0.0,0.0,,,,,*1
980,Mike Moustakas\moustmi01,0.7,2016,27,KCR,AL,27,113,104,12,25,6,0,7,13.0,9,0.0,13.0,0.0,0.0,0.0,5.0,0.0,1.0,0.24,0.301,0.5,0.801,*5/H
981,Mike Napoli\napolmi01,1.0,2016,34,CLE,AL,150,645,557,92,133,22,1,34,101.0,78,2.0,194.0,5.0,0.0,5.0,15.0,5.0,1.0,0.239,0.335,0.465,0.8,*3D/H
982,Mike Pelfrey\pelfrmi01,,2016,32,DET,AL,24,0,0,0,0,0,0,0,,0,,,,,,,,,,,,,*1
983,Mike Trout\troutmi01,10.6,2016,24,LAA,AL,159,681,549,123,173,32,5,29,100.0,116,12.0,137.0,11.0,0.0,5.0,5.0,30.0,7.0,0.315,0.441,0.55,0.991,*8D/H
984,Mike Wright\wrighmi01,0.0,2016,26,BAL,AL,18,0,0,0,0,0,0,0,0.0,0,0.0,0.0,0.0,0.0,0.0,0.0,0.0,0.0,,,,,*1
985,Mike Zunino\zuninmi01,1.8,2016,25,SEA,AL,55,192,164,16,34,7,0,12,31.0,21,0.0,65.0,6.0,0.0,1.0,0.0,0.0,0.0,0.207,0.318,0.47,0.787,*2/HD
986,Mikie Mahtook\mahtomi01,-1.1,2016,26,TBR,AL,65,196,185,16,36,9,0,3,11.0,7,0.0,68.0,2.0,1.0,1.0,2.0,0.0,1.0,0.195,0.231,0.292,0.523,789/HD
988,Mitch Moreland\morelmi01,0.7,2016,30,TEX,AL,147,503,460,49,107,21,0,22,60.0,35,5.0,118.0,8.0,0.0,0.0,8.0,1.0,0.0,0.233,0.298,0.422,0.72,*3H/D
989,Mookie Betts\bettsmo01,9.6,2016,23,BOS,AL,158,730,672,122,214,42,5,31,113.0,49,1.0,80.0,2.0,0.0,7.0,12.0,26.0,4.0,0.318,0.363,0.534,0.897,*9/H
991,Mychal Givens\givenmy01,0.0,2016,26,BAL,AL,66,2,2,0,0,0,0,0,0.0,0,0.0,1.0,0.0,0.0,0.0,0.0,0.0,0.0,0.0,0.0,0.0,0.0,*1
992,Nate Jones\jonesna01,0.0,2016,30,CHW,AL,71,0,0,0,0,0,0,0,0.0,0,0.0,0.0,0.0,0.0,0.0,0.0,0.0,0.0,,,,,*1
993,Nate Karns\karnsna01,0.0,2016,28,SEA,AL,22,1,1,0,0,0,0,0,0.0,0,0.0,0.0,0.0,0.0,0.0,0.0,0.0,0.0,0.0,0.0,0.0,0.0,*1
994,Nathan Eovaldi\eovalna01,0.0,2016,26,NYY,AL,24,7,5,0,0,0,0,0,0.0,1,0.0,4.0,0.0,1.0,0.0,0.0,0.0,0.0,0.0,0.167,0.0,0.167,*1
999,Nelson Cruz\cruzne02,4.7,2016,35,SEA,AL,155,667,589,96,169,27,1,43,105.0,62,5.0,159.0,9.0,0.0,7.0,15.0,2.0,0.0,0.287,0.36,0.555,0.915,*D9
1001,Nick Buss\bussni01,-0.1,2016,29,LAA,AL,36,90,81,7,16,7,1,1,8.0,6,0.0,24.0,0.0,1.0,2.0,4.0,2.0,1.0,0.198,0.247,0.346,0.593,*7/H98D
1002,Nick Castellanos\casteni01,1.6,2016,24,DET,AL,110,447,411,54,117,25,4,18,58.0,28,1.0,111.0,3.0,0.0,5.0,4.0,1.0,1.0,0.285,0.331,0.496,0.827,*5/HD
1003,Nick Franklin\frankni01,0.2,2016,25,TBR,AL,60,191,174,18,47,10,1,6,26.0,12,1.0,42.0,3.0,2.0,0.0,1.0,6.0,1.0,0.27,0.328,0.443,0.771,7H/34D96
1004,Nick Goody\goodyni01,0.0,2016,24,NYY,AL,27,0,0,0,0,0,0,0,0.0,0,0.0,0.0,0.0,0.0,0.0,0.0,0.0,0.0,,,,,*1
1007,Nick Martinez\martini01,0.0,2016,25,TEX,AL,12,2,2,0,0,0,0,0,0.0,0,0.0,1.0,0.0,0.0,0.0,0.0,0.0,0.0,0.0,0.0,0.0,0.0,*1
1010,Nick Tropeano\tropeni01,0.0,2016,25,LAA,AL,13,2,2,0,0,0,0,0,0.0,0,0.0,1.0,0.0,0.0,0.0,0.0,0.0,0.0,0.0,0.0,0.0,0.0,*1
1011,Nick Vincent\vinceni01,0.0,2016,29,SEA,AL,60,0,0,0,0,0,0,0,0.0,0,0.0,0.0,0.0,0.0,0.0,0.0,0.0,0.0,,,,,*1
1014,Noe Ramirez\ramirno01,,2016,26,BOS,AL,14,0,0,0,0,0,0,0,,0,,,,,,,,,,,,,*1
1016,Nolan Reimold\reimono01,-0.4,2016,32,BAL,AL,104,227,203,25,45,9,1,6,15.0,22,0.0,62.0,1.0,0.0,1.0,8.0,1.0,2.0,0.222,0.3,0.365,0.664,*79H/8D
1017,Nomar Mazara\mazarno01,0.4,2016,21,TEX,AL,145,568,516,59,137,13,3,20,64.0,39,1.0,112.0,6.0,0.0,7.0,12.0,0.0,2.0,0.266,0.32,0.419,0.739,*97H/D
1018,Nori Aoki\aokino01,1.5,2016,34,SEA,AL,118,467,417,63,118,24,4,4,28.0,34,0.0,45.0,9.0,5.0,1.0,9.0,7.0,9.0,0.283,0.349,0.388,0.738,*78H
1021,Oliver Drake\drakeol01,0.0,2016,29,BAL,AL,14,1,1,0,0,0,0,0,0.0,0,0.0,1.0,0.0,0.0,0.0,0.0,0.0,0.0,0.0,0.0,0.0,0.0,*1
1023,Omar Infante\infanom01,-0.3,2016,34,KCR,AL,39,149,134,16,32,9,1,0,11.0,9,0.0,23.0,0.0,2.0,4.0,0.0,0.0,0.0,0.239,0.279,0.321,0.6,*4
1024,Omar Narvaez\narvaom01,0.3,2016,24,CHW,AL,34,117,101,13,27,4,0,1,10.0,14,1.0,14.0,0.0,0.0,2.0,0.0,0.0,0.0,0.267,0.35,0.337,0.687,*2/H
1028,Pablo Sandoval\sandopa01,-0.2,2016,29,BOS,AL,3,7,6,0,0,0,0,0,0.0,1,0.0,4.0,0.0,0.0,0.0,0.0,0.0,0.0,0.0,0.143,0.0,0.143,/*H*5
1029,Parker Bridwell\bridwpa01,0.0,2016,24,BAL,AL,2,0,0,0,0,0,0,0,0.0,0,0.0,0.0,0.0,0.0,0.0,0.0,0.0,0.0,,,,,/*1
1030,Pat Dean\deanpa02,0.0,2016,27,MIN,AL,19,0,0,0,0,0,0,0,0.0,0,0.0,0.0,0.0,0.0,0.0,0.0,0.0,0.0,,,,,*1
1031,Pat Light\lightpa01,0.0,2016,25,TOT,AL,17,0,0,0,0,0,0,0,0.0,0,0.0,0.0,0.0,0.0,0.0,0.0,0.0,0.0,,,,,*1
1032,Pat Neshek\neshepa01,0.0,2016,35,HOU,AL,60,0,0,0,0,0,0,0,0.0,0,0.0,0.0,0.0,0.0,0.0,0.0,0.0,0.0,,,,,*1
1034,Pat Venditte\vendipa01,0.0,2016,31,TOT,AL,15,0,0,0,0,0,0,0,,0,,,,,,,,,,,,,*1
1040,Paul Janish\janispa01,-0.1,2016,33,BAL,AL,14,35,31,3,6,1,0,0,0.0,3,0.0,3.0,1.0,0.0,0.0,0.0,0.0,0.0,0.194,0.286,0.226,0.512,/*56H
1041,Paulo Orlando\orlanpa01,2.3,2016,30,KCR,AL,128,484,457,52,138,24,4,5,43.0,13,1.0,105.0,7.0,3.0,3.0,12.0,14.0,3.0,0.302,0.329,0.405,0.734,*98/HD
1042,Pedro Alvarez\alvarpe01,0.7,2016,29,BAL,AL,109,376,337,43,84,20,0,22,49.0,37,1.0,97.0,0.0,0.0,2.0,6.0,1.0,0.0,0.249,0.322,0.504,0.826,*DH5
1047,Perci Garner\garnepe01,,2016,27,CLE,AL,8,0,0,0,0,0,0,0,,0,,,,,,,,,,,,,/*1
1049,Peter Moylan\moylape01,0.0,2016,37,KCR,AL,50,0,0,0,0,0,0,0,0.0,0,0.0,0.0,0.0,0.0,0.0,0.0,0.0,0.0,,,,,*1
1052,Phil Hughes\hugheph01,0.0,2016,30,MIN,AL,12,2,2,0,0,0,0,0,0.0,0,0.0,2.0,0.0,0.0,0.0,0.0,0.0,0.0,0.0,0.0,0.0,0.0,*1
1055,Preston Tucker\tuckepr01,-1.1,2016,25,HOU,AL,48,144,134,11,22,8,1,4,8.0,8,0.0,40.0,2.0,0.0,0.0,2.0,0.0,0.0,0.164,0.222,0.328,0.551,D7H/9
1056,Prince Fielder\fieldpr01,-1.4,2016,32,TEX,AL,89,370,326,29,69,16,0,8,44.0,32,1.0,63.0,7.0,0.0,5.0,12.0,0.0,0.0,0.212,0.292,0.334,0.626,*D/3H
1057,R.A. Dickey\dicker.01,0.0,2016,41,TOR,AL,31,1,1,0,0,0,0,0,0.0,0,0.0,1.0,0.0,0.0,0.0,0.0,0.0,0.0,0.0,0.0,0.0,0.0,*1/H
1061,Rafael Ortega\ortegra01,-0.2,2016,25,LAA,AL,66,202,185,24,43,8,0,1,16.0,13,0.0,23.0,0.0,3.0,0.0,5.0,8.0,3.0,0.232,0.283,0.292,0.575,*7H8/9D
1065,Rajai Davis\davisra01,0.4,2016,35,CLE,AL,134,495,454,74,113,23,2,12,48.0,33,0.0,106.0,5.0,1.0,2.0,9.0,43.0,6.0,0.249,0.306,0.388,0.693,*87H/9D
1071,Raul Alcantara\alcanra01,,2016,23,OAK,AL,5,0,0,0,0,0,0,0,,0,,,,,,,,,,,,,/*1
1072,Raul Mondesi\mondera02,-0.4,2016,20,KCR,AL,47,149,135,16,25,1,3,2,13.0,6,0.0,48.0,2.0,6.0,0.0,1.0,9.0,1.0,0.185,0.231,0.281,0.512,*4/6H
1074,Renato Nunez\nunezre01,-0.3,2016,22,OAK,AL,9,15,15,0,2,0,0,0,1.0,0,0.0,3.0,0.0,0.0,0.0,0.0,0.0,0.0,0.133,0.133,0.133,0.267,/*D*H
1076,Reymond Fuentes\fuentre01,-0.2,2016,25,KCR,AL,13,44,41,2,13,1,0,0,5.0,3,0.0,8.0,0.0,0.0,0.0,0.0,0.0,2.0,0.317,0.364,0.341,0.705,/*97HD
1079,Richard Bleier\bleieri01,0.0,2016,29,NYY,AL,23,0,0,0,0,0,0,0,0.0,0,0.0,0.0,0.0,0.0,0.0,0.0,0.0,0.0,,,,,*1
1080,Richie Shaffer\shaffri01,0.2,2016,25,TBR,AL,20,54,48,5,12,6,0,1,4.0,5,0.0,18.0,0.0,0.0,1.0,0.0,0.0,1.0,0.25,0.315,0.438,0.752,*3/D59H
1081,Rick Porcello\porceri01,0.1,2016,27,BOS,AL,33,5,5,0,1,0,0,0,0.0,0,0.0,1.0,0.0,0.0,0.0,0.0,0.0,0.0,0.2,0.2,0.2,0.4,*1
1083,Ricky Nolasco\nolasri01,0.1,2016,33,TOT,AL,32,5,3,0,0,0,0,0,0.0,2,0.0,1.0,0.0,0.0,0.0,0.0,0.0,0.0,0.0,0.4,0.0,0.4,*1
1085,Rob Refsnyder\refsnro01,-0.1,2016,25,NYY,AL,58,175,152,25,38,9,0,0,12.0,18,2.0,30.0,1.0,0.0,3.0,5.0,2.0,1.0,0.25,0.328,0.309,0.637,39/4H75
1090,Robbie Grossman\grossro01,0.3,2016,26,MIN,AL,99,389,332,49,93,19,1,11,37.0,55,0.0,96.0,2.0,0.0,0.0,3.0,2.0,3.0,0.28,0.386,0.443,0.828,*7D/H8
1092,Robbie Ross\rossro01,0.0,2016,27,BOS,AL,54,0,0,0,0,0,0,0,0.0,0,0.0,0.0,0.0,0.0,0.0,0.0,0.0,0.0,,,,,*1
1093,Robby Scott\scottro02,,2016,26,BOS,AL,7,0,0,0,0,0,0,0,,0,,,,,,,,,,,,,/*1
1099,Roberto Osuna\osunaro01,0.0,2016,21,TOR,AL,72,0,0,0,0,0,0,0,0.0,0,0.0,0.0,0.0,0.0,0.0,0.0,0.0,0.0,,,,,*1
1100,Roberto Perez\perezro02,0.5,2016,27,CLE,AL,61,184,153,14,28,6,1,3,17.0,23,0.0,44.0,0.0,5.0,3.0,4.0,0.0,0.0,0.183,0.285,0.294,0.579,*2
1101,Robinson Cano\canoro01,7.3,2016,33,SEA,AL,161,715,655,107,195,33,2,39,103.0,47,8.0,100.0,8.0,0.0,5.0,18.0,0.0,1.0,0.298,0.35,0.533,0.882,*4/D
1102,Robinson Chirinos\chiriro01,0.9,2016,32,TEX,AL,57,170,147,21,33,11,0,9,20.0,15,0.0,44.0,5.0,1.0,2.0,4.0,0.0,1.0,0.224,0.314,0.483,0.797,*2/HD
1103,Roenis Elias\eliasro01,0.0,2016,27,BOS,AL,3,0,0,0,0,0,0,0,0.0,0,0.0,0.0,0.0,0.0,0.0,0.0,0.0,0.0,,,,,/*1
1105,Ronald Torreyes\torrero01,0.5,2016,23,NYY,AL,72,169,155,20,40,7,4,1,12.0,10,0.0,20.0,1.0,1.0,1.0,4.0,2.0,1.0,0.258,0.305,0.374,0.68,564H/D9
1106,Ross Detwiler\detwiro01,0.0,2016,30,TOT,AL,16,2,1,0,0,0,0,0,0.0,0,0.0,1.0,0.0,1.0,0.0,0.0,0.0,0.0,0.0,0.0,0.0,0.0,*1
1109,Rougned Odor\odorro01,2.4,2016,22,TEX,AL,150,632,605,89,164,33,4,33,88.0,19,0.0,135.0,4.0,0.0,4.0,6.0,14.0,7.0,0.271,0.296,0.502,0.798,*4/DH
1112,Rusney Castillo\castiru02,0.0,2016,28,BOS,AL,9,8,8,4,2,1,0,0,0.0,0,0.0,3.0,0.0,0.0,0.0,0.0,0.0,0.0,0.25,0.25,0.375,0.625,/*HD798
1113,Russell Martin\martiru01,1.7,2016,33,TOR,AL,137,535,455,62,105,16,0,20,74.0,64,1.0,148.0,10.0,1.0,5.0,12.0,2.0,1.0,0.231,0.335,0.398,0.733,*2H/D45
1116,Ryan Dull\dullry01,0.0,2016,26,OAK,AL,70,0,0,0,0,0,0,0,0.0,0,0.0,0.0,0.0,0.0,0.0,0.0,0.0,0.0,,,,,*1
1117,Ryan Flaherty\flahery01,0.4,2016,29,BAL,AL,74,176,157,16,34,7,0,3,15.0,17,1.0,48.0,0.0,1.0,1.0,1.0,2.0,0.0,0.217,0.291,0.318,0.61,*56H/39741
1118,Ryan Garton\gartory01,0.0,2016,26,TBR,AL,37,0,0,0,0,0,0,0,0.0,0,0.0,0.0,0.0,0.0,0.0,0.0,0.0,0.0,,,,,*1
1119,Ryan Goins\goinsry01,-0.6,2016,28,TOR,AL,77,196,183,13,34,9,2,3,12.0,9,0.0,48.0,1.0,3.0,0.0,6.0,1.0,1.0,0.186,0.228,0.306,0.534,46/H53791D
1120,Ryan Hanigan\hanigry01,-0.9,2016,35,BOS,AL,35,113,105,9,18,4,0,1,14.0,7,0.0,27.0,1.0,0.0,0.0,5.0,0.0,0.0,0.171,0.23,0.238,0.468,*2/HD
1123,Ryan LaMarre\lamarry01,-0.1,2016,27,BOS,AL,6,6,5,1,0,0,0,0,0.0,1,0.0,2.0,0.0,0.0,0.0,1.0,0.0,0.0,0.0,0.167,0.0,0.167,/*H791
1124,Ryan Madson\madsory01,0.0,2016,35,OAK,AL,63,1,1,0,0,0,0,0,0.0,0,0.0,1.0,0.0,0.0,0.0,0.0,0.0,0.0,0.0,0.0,0.0,0.0,*1
1125,Ryan Merritt\merriry01,,2016,24,CLE,AL,4,0,0,0,0,0,0,0,,0,,,,,,,,,,,,,/*1
1126,Ryan O'Rourke\orourry01,0.0,2016,28,MIN,AL,26,1,1,0,0,0,0,0,0.0,0,0.0,0.0,0.0,0.0,0.0,0.0,0.0,0.0,0.0,0.0,0.0,0.0,*1
1127,Ryan Pressly\pressry01,0.0,2016,27,MIN,AL,72,0,0,0,0,0,0,0,0.0,0,0.0,0.0,0.0,0.0,0.0,0.0,0.0,0.0,,,,,*1
1129,Ryan Rua\ruary01,0.7,2016,26,TEX,AL,99,269,240,40,62,8,1,8,22.0,21,2.0,76.0,6.0,0.0,2.0,8.0,9.0,0.0,0.258,0.331,0.4,0.731,*73H/8D95
1131,Ryan Tepera\teperry01,0.0,2016,28,TOR,AL,20,0,0,0,0,0,0,0,0.0,0,0.0,0.0,0.0,0.0,0.0,0.0,0.0,0.0,,,,,*1
1133,Ryan Webb\webbry01,,2016,30,TBR,AL,18,0,0,0,0,0,0,0,,0,,,,,,,,,,,,,*1
1136,Ryon Healy\healyry01,2.2,2016,24,OAK,AL,72,283,269,36,82,20,0,13,37.0,12,1.0,60.0,1.0,1.0,0.0,7.0,0.0,0.0,0.305,0.337,0.524,0.861,*5
1137,Salvador Perez\perezsa02,2.8,2016,26,KCR,AL,139,546,514,57,127,28,2,22,64.0,22,3.0,119.0,8.0,0.0,2.0,12.0,0.0,0.0,0.247,0.288,0.438,0.725,*2/DH3
1138,Sam Dyson\dysonsa01,0.0,2016,28,TEX,AL,73,0,0,0,0,0,0,0,0.0,0,0.0,0.0,0.0,0.0,0.0,0.0,0.0,0.0,,,,,*1
1142,Sandy Leon\leonsa01,2.7,2016,27,BOS,AL,78,283,252,36,78,17,2,7,35.0,23,1.0,66.0,2.0,4.0,2.0,4.0,0.0,0.0,0.31,0.369,0.476,0.845,*2/HD
1145,Scott Alexander\alexasc02,,2016,26,KCR,AL,17,0,0,0,0,0,0,0,,0,,,,,,,,,,,,,*1
1146,Scott Carroll\carrosc02,,2016,31,CHW,AL,3,0,0,0,0,0,0,0,,0,,,,,,,,,,,,,/*1
1147,Scott Diamond\diamosc01,,2016,29,TOR,AL,1,0,0,0,0,0,0,0,,0,,,,,,,,,,,,,/*1
1148,Scott Feldman\feldmsc01,0.0,2016,33,TOT,AL,40,2,2,0,0,0,0,0,0.0,0,0.0,2.0,0.0,0.0,0.0,0.0,0.0,0.0,0.0,0.0,0.0,0.0,*1
1154,Sean Doolittle\doolise01,0.0,2016,29,OAK,AL,44,0,0,0,0,0,0,0,0.0,0,0.0,0.0,0.0,0.0,0.0,0.0,0.0,0.0,,,,,*1
1156,Sean Manaea\manaese01,0.0,2016,24,OAK,AL,25,2,2,0,0,0,0,0,0.0,0,0.0,1.0,0.0,0.0,0.0,0.0,0.0,0.0,0.0,0.0,0.0,0.0,*1
1157,Sean O'Sullivan\osullse01,,2016,28,BOS,AL,5,0,0,0,0,0,0,0,,0,,,,,,,,,,,,,/*1
1162,Seth Smith\smithse01,0.5,2016,33,SEA,AL,137,438,378,62,94,15,0,16,63.0,48,1.0,89.0,8.0,0.0,4.0,11.0,0.0,0.0,0.249,0.342,0.415,0.758,*97HD
1166,Shane Greene\greensh02,0.0,2016,27,DET,AL,50,2,2,0,0,0,0,0,0.0,0,0.0,0.0,0.0,0.0,0.0,0.0,0.0,0.0,0.0,0.0,0.0,0.0,*1
1167,Shane Robinson\robinsh01,0.2,2016,31,LAA,AL,65,111,98,16,17,3,0,1,10.0,10,0.0,17.0,1.0,2.0,0.0,3.0,3.0,2.0,0.173,0.257,0.235,0.492,*7H8/9D
1168,Shawn Armstrong\armstsh01,,2016,25,CLE,AL,10,0,0,0,0,0,0,0,,0,,,,,,,,,,,,,*1
1170,Shawn Morimando\morimsh01,,2016,23,CLE,AL,2,0,0,0,0,0,0,0,,0,,,,,,,,,,,,,/*1
1171,Shawn O'Malley\omallsh01,0.3,2016,28,SEA,AL,89,232,210,24,48,9,2,2,17.0,18,0.0,59.0,3.0,1.0,0.0,4.0,6.0,2.0,0.229,0.299,0.319,0.618,69H74/58D
1172,Shawn Tolleson\tollesh01,0.0,2016,28,TEX,AL,37,1,1,0,0,0,0,0,0.0,0,0.0,1.0,0.0,0.0,0.0,0.0,0.0,0.0,0.0,0.0,0.0,0.0,*1
1174,Shin-Soo Choo\choosh01,0.3,2016,33,TEX,AL,48,210,178,27,43,7,0,7,17.0,25,1.0,46.0,7.0,0.0,0.0,1.0,6.0,3.0,0.242,0.357,0.399,0.756,*9/DH
1177,Sonny Gray\grayso01,0.0,2016,26,OAK,AL,22,3,2,0,0,0,0,0,0.0,0,0.0,1.0,0.0,1.0,0.0,0.0,0.0,0.0,0.0,0.0,0.0,0.0,*1
1180,Starlin Castro\castrst01,1.2,2016,26,NYY,AL,151,610,577,63,156,29,1,21,70.0,24,1.0,118.0,3.0,1.0,5.0,15.0,4.0,0.0,0.27,0.3,0.433,0.734,*4/H6
1182,Stefen Romero\romerst01,-0.3,2016,27,SEA,AL,9,19,17,1,4,1,0,0,3.0,1,0.0,4.0,0.0,0.0,1.0,0.0,0.0,0.0,0.235,0.263,0.294,0.557,/*7H93
1187,Stephen Vogt\vogtst01,2.2,2016,31,OAK,AL,137,532,490,54,123,30,2,14,56.0,35,3.0,83.0,4.0,0.0,3.0,6.0,0.0,0.0,0.251,0.305,0.406,0.711,*2DH/3
1188,Steve Cishek\cishest01,0.0,2016,30,SEA,AL,62,0,0,0,0,0,0,0,0.0,0,0.0,0.0,0.0,0.0,0.0,0.0,0.0,0.0,,,,,*1
1189,Steve Clevenger\clevest01,0.0,2016,30,SEA,AL,22,76,68,7,15,3,0,1,7.0,8,0.0,14.0,0.0,0.0,0.0,3.0,0.0,0.0,0.221,0.303,0.309,0.611,*2/HD
1191,Steve Geltz\geltzst01,,2016,28,TBR,AL,27,0,0,0,0,0,0,0,,0,,,,,,,,,,,,,*1
1193,Steve Johnson\johnsst02,0.0,2016,28,SEA,AL,16,0,0,0,0,0,0,0,0.0,0,0.0,0.0,0.0,0.0,0.0,0.0,0.0,0.0,,,,,*1
1194,Steve Pearce\pearcst01,2.2,2016,33,TOT,AL,85,302,264,35,76,13,1,13,35.0,34,2.0,54.0,3.0,0.0,1.0,5.0,0.0,3.0,0.288,0.374,0.492,0.867,34D/H795
1198,Steven Moya\moyast01,-0.4,2016,24,DET,AL,31,100,94,9,24,4,2,5,11.0,5,0.0,38.0,0.0,0.0,1.0,0.0,0.0,1.0,0.255,0.29,0.5,0.79,*9/7HD
1200,Steven Souza\souzast01,0.9,2016,27,TBR,AL,120,468,430,58,106,17,1,17,49.0,31,0.0,159.0,5.0,0.0,2.0,5.0,7.0,6.0,0.247,0.303,0.409,0.713,*9/DH8
1201,Steven Wright\wrighst01,-0.1,2016,31,BOS,AL,25,4,4,0,0,0,0,0,0.0,0,0.0,3.0,0.0,0.0,0.0,0.0,0.0,0.0,0.0,0.0,0.0,0.0,*1/H
1202,T.J. House\housetj01,,2016,26,CLE,AL,4,0,0,0,0,0,0,0,,0,,,,,,,,,,,,,/*1
1203,T.J. McFarland\mcfartj01,0.0,2016,27,BAL,AL,16,0,0,0,0,0,0,0,0.0,0,0.0,0.0,0.0,0.0,0.0,0.0,0.0,0.0,,,,,*1
1205,Taijuan Walker\walketa01,,2016,23,SEA,AL,25,0,0,0,0,0,0,0,,0,,,,,,,,,,,,,*1
1207,Tanner Scheppers\schepta01,,2016,29,TEX,AL,10,0,0,0,0,0,0,0,,0,,,,,,,,,,,,,*1
1210,Taylor Motter\motteta01,-0.1,2016,26,TBR,AL,34,93,80,11,15,3,0,2,9.0,11,0.0,19.0,1.0,0.0,1.0,1.0,0.0,1.0,0.188,0.29,0.3,0.59,/67H94531D
1211,Taylor Rogers\rogerta01,0.0,2016,25,MIN,AL,57,0,0,0,0,0,0,0,0.0,0,0.0,0.0,0.0,0.0,0.0,0.0,0.0,0.0,,,,,*1
1213,Teoscar Hernandez\hernate01,0.3,2016,23,HOU,AL,41,112,100,15,23,7,0,4,11.0,11,1.0,28.0,0.0,0.0,1.0,5.0,0.0,2.0,0.23,0.304,0.42,0.724,*78/H9
1214,Terrance Gore\gorete01,0.2,2016,25,KCR,AL,17,3,3,6,0,0,0,0,0.0,0,0.0,1.0,0.0,0.0,0.0,0.0,11.0,2.0,0.0,0.0,0.0,0.0,*H/D7
1216,Tim Anderson\anderti01,2.8,2016,23,CHW,AL,99,431,410,57,116,22,6,9,30.0,13,0.0,117.0,1.0,6.0,1.0,15.0,10.0,2.0,0.283,0.306,0.432,0.738,*6
1217,Tim Beckham\beckhti01,1.3,2016,26,TBR,AL,64,215,198,25,49,12,5,5,16.0,14,0.0,67.0,1.0,2.0,0.0,3.0,2.0,1.0,0.247,0.3,0.434,0.735,64H/53D
1219,Tim Lincecum\linceti01,,2016,32,LAA,AL,9,0,0,0,0,0,0,0,,0,,,,,,,,,,,,,/*1
1221,Todd Cunningham\cunnito01,0.0,2016,27,LAA,AL,20,29,27,5,4,3,0,0,1.0,1,0.0,6.0,0.0,1.0,0.0,1.0,0.0,1.0,0.148,0.179,0.259,0.438,*7/H98D
1222,Todd Frazier\frazito01,3.4,2016,30,CHW,AL,158,666,590,89,133,21,0,40,98.0,64,1.0,163.0,4.0,1.0,7.0,11.0,15.0,5.0,0.225,0.302,0.464,0.767,*5/3D
1223,Tom Gorzelanny\gorzeto01,0.0,2016,33,CLE,AL,7,0,0,0,0,0,0,0,0.0,0,0.0,0.0,0.0,0.0,0.0,0.0,0.0,0.0,,,,,/*1
1226,Tom Wilhelmsen\wilheto01,0.0,2016,32,TOT,AL,50,0,0,0,0,0,0,0,0.0,0,0.0,0.0,0.0,0.0,0.0,0.0,0.0,0.0,,,,,*1
1228,Tommy Hunter\hunteto02,0.0,2016,29,TOT,AL,33,0,0,0,0,0,0,0,0.0,0,0.0,0.0,0.0,0.0,0.0,0.0,0.0,0.0,,,,,*1
1230,Tommy Kahnle\kahnlto01,0.0,2016,26,CHW,AL,29,0,0,0,0,0,0,0,0.0,0,0.0,0.0,0.0,0.0,0.0,0.0,0.0,0.0,,,,,*1
1232,Tommy Layne\layneto01,0.0,2016,31,TOT,AL,63,0,0,0,0,0,0,0,,0,,,,,,,,,,,,,*1
1233,Tommy Milone\milonto01,0.1,2016,29,MIN,AL,19,2,2,0,2,0,0,0,0.0,0,0.0,0.0,0.0,0.0,0.0,0.0,0.0,0.0,1.0,1.0,1.0,2.0,*1
1235,Tony Barnette\barneto01,0.0,2016,32,TEX,AL,53,0,0,0,0,0,0,0,0.0,0,0.0,0.0,0.0,0.0,0.0,0.0,0.0,0.0,,,,,*1
1237,Tony Cruz\cruzto03,-0.1,2016,29,KCR,AL,4,5,4,0,0,0,0,0,1.0,0,0.0,3.0,0.0,0.0,1.0,0.0,0.0,0.0,0.0,0.0,0.0,0.0,/*2
1238,Tony Kemp\kempto01,-0.5,2016,24,HOU,AL,59,136,120,15,26,4,3,1,7.0,14,0.0,27.0,0.0,1.0,1.0,5.0,2.0,1.0,0.217,0.296,0.325,0.621,*7H/D498
1240,Tony Sipp\sippto01,0.0,2016,32,HOU,AL,60,0,0,0,0,0,0,0,0.0,0,0.0,0.0,0.0,0.0,0.0,0.0,0.0,0.0,,,,,*1
1243,Tony Zych\zychto01,,2016,25,SEA,AL,12,0,0,0,0,0,0,0,,0,,,,,,,,,,,,,*1
1246,Travis Shaw\shawtr01,2.2,2016,26,BOS,AL,145,530,480,63,116,34,2,16,71.0,43,4.0,133.0,3.0,0.0,4.0,10.0,5.0,1.0,0.242,0.306,0.421,0.726,*53H/D7
1250,Trevor Bauer\bauertr01,-0.1,2016,25,CLE,AL,35,6,5,0,0,0,0,0,0.0,0,0.0,5.0,0.0,1.0,0.0,0.0,0.0,0.0,0.0,0.0,0.0,0.0,*1
1254,Trevor May\maytr01,0.0,2016,26,MIN,AL,44,0,0,0,0,0,0,0,0.0,0,0.0,0.0,0.0,0.0,0.0,0.0,0.0,0.0,,,,,*1
1255,Trevor Plouffe\plouftr01,0.4,2016,30,MIN,AL,84,344,319,35,83,13,1,12,47.0,19,0.0,60.0,2.0,1.0,3.0,11.0,1.0,0.0,0.26,0.303,0.42,0.723,*53/DH
1259,Trey Mancini\mancitr01,0.3,2016,24,BAL,AL,5,15,14,3,5,1,0,3,5.0,0,0.0,4.0,1.0,0.0,0.0,0.0,0.0,0.0,0.357,0.4,1.071,1.471,/*DH
1260,Troy Tulowitzki\tulowtr01,3.3,2016,31,TOR,AL,131,544,492,54,125,21,0,24,79.0,43,1.0,101.0,5.0,0.0,4.0,14.0,1.0,0.0,0.254,0.318,0.443,0.761,*6/D
1266,Tyler Austin\austity01,-0.1,2016,24,NYY,AL,31,90,83,7,20,3,0,5,12.0,7,0.0,36.0,0.0,0.0,0.0,1.0,1.0,0.0,0.241,0.3,0.458,0.758,*3/9H7D
1269,Tyler Collins\collity01,-0.2,2016,26,DET,AL,56,151,136,14,32,2,3,4,15.0,13,0.0,38.0,1.0,0.0,1.0,1.0,1.0,1.0,0.235,0.305,0.382,0.687,*8H7/9D
1271,Tyler Danish\danisty01,,2016,21,CHW,AL,3,0,0,0,0,0,0,0,,0,,,,,,,,,,,,,/*1
1272,Tyler Duffey\duffety01,0.0,2016,25,MIN,AL,26,2,1,0,0,0,0,0,0.0,0,0.0,1.0,0.0,1.0,0.0,0.0,0.0,0.0,0.0,0.0,0.0,0.0,*1
1277,Tyler Ladendorf\ladenty01,-0.7,2016,28,OAK,AL,45,50,48,6,4,0,0,0,1.0,1,0.0,13.0,0.0,1.0,0.0,3.0,2.0,0.0,0.083,0.102,0.083,0.185,*4H/5981D
1279,Tyler Naquin\naquity01,0.9,2016,25,CLE,AL,116,365,321,52,95,18,5,14,43.0,36,4.0,112.0,4.0,2.0,2.0,4.0,6.0,3.0,0.296,0.372,0.514,0.886,*8H/9D
1280,Tyler Olson\olsonty01,,2016,26,NYY,AL,1,0,0,0,0,0,0,0,,0,,,,,,,,,,,,,/*1
1281,Tyler Saladino\saladty01,1.8,2016,26,CHW,AL,93,319,298,33,84,14,0,8,38.0,13,0.0,62.0,3.0,2.0,3.0,11.0,11.0,5.0,0.282,0.315,0.409,0.725,465/H3D798
1282,Tyler Skaggs\skaggty01,,2016,24,LAA,AL,10,0,0,0,0,0,0,0,,0,,,,,,,,,,,,,*1
1283,Tyler Sturdevant\sturdty01,0.0,2016,30,TBR,AL,16,0,0,0,0,0,0,0,0.0,0,0.0,0.0,0.0,0.0,0.0,0.0,0.0,0.0,,,,,*1
1286,Tyler White\whitety01,0.0,2016,25,HOU,AL,86,276,249,24,54,16,0,8,28.0,23,1.0,65.0,2.0,0.0,2.0,6.0,1.0,0.0,0.217,0.286,0.378,0.664,*3HD/541
1287,Tyler Wilson\wilsoty01,0.0,2016,26,BAL,AL,24,0,0,0,0,0,0,0,0.0,0,0.0,0.0,0.0,0.0,0.0,0.0,0.0,0.0,,,,,*1
1290,Ubaldo Jimenez\jimenub01,-0.1,2016,32,BAL,AL,30,4,4,0,0,0,0,0,0.0,0,0.0,1.0,0.0,0.0,0.0,0.0,0.0,0.0,0.0,0.0,0.0,0.0,*1
1291,Vance Worley\worleva01,0.0,2016,28,BAL,AL,35,0,0,0,0,0,0,0,0.0,0,0.0,0.0,0.0,0.0,0.0,0.0,0.0,0.0,,,,,*1
1293,Victor Martinez\martivi01,1.6,2016,37,DET,AL,154,610,553,65,160,22,0,27,86.0,50,8.0,90.0,4.0,0.0,3.0,19.0,0.0,0.0,0.289,0.351,0.476,0.826,*DH/3
1294,Vidal Nuno\nunovi01,0.0,2016,28,SEA,AL,55,0,0,0,0,0,0,0,0.0,0,0.0,0.0,0.0,0.0,0.0,0.0,0.0,0.0,,,,,*1
1297,Wade Davis\daviswa01,0.0,2016,30,KCR,AL,45,0,0,0,0,0,0,0,0.0,0,0.0,0.0,0.0,0.0,0.0,0.0,0.0,0.0,,,,,*1
1299,Wade Miley\mileywa01,0.0,2016,29,TOT,AL,30,12,11,1,2,0,0,0,0.0,0,0.0,2.0,0.0,1.0,0.0,0.0,0.0,0.0,0.182,0.182,0.182,0.364,*1
1301,Warwick Saupold\saupowa01,,2016,26,DET,AL,6,0,0,0,0,0,0,0,,0,,,,,,,,,,,,,/*1
1304,Whit Merrifield\merriwh01,1.6,2016,27,KCR,AL,81,332,311,44,88,22,3,2,29.0,19,1.0,72.0,0.0,1.0,1.0,1.0,8.0,3.0,0.283,0.323,0.392,0.716,*47/H593D
1307,Will Harris\harriwi10,0.0,2016,31,HOU,AL,66,0,0,0,0,0,0,0,0.0,0,0.0,0.0,0.0,0.0,0.0,0.0,0.0,0.0,,,,,*1
1311,William Cuevas\cuevawi01,,2016,25,BOS,AL,3,0,0,0,0,0,0,0,,0,,,,,,,,,,,,,/*1
1318,Xander Bogaerts\bogaexa01,3.7,2016,23,BOS,AL,157,719,652,115,192,34,1,21,89.0,58,0.0,123.0,6.0,0.0,3.0,14.0,13.0,4.0,0.294,0.356,0.446,0.802,*6
1319,Xavier Cedeno\cedenxa01,0.0,2016,29,TBR,AL,54,0,0,0,0,0,0,0,0.0,0,0.0,0.0,0.0,0.0,0.0,0.0,0.0,0.0,,,,,*1
1323,Yan Gomes\gomesya01,-0.8,2016,28,CLE,AL,74,264,251,22,42,11,1,9,34.0,9,0.0,69.0,2.0,0.0,2.0,7.0,0.0,0.0,0.167,0.201,0.327,0.527,*2/HD
1330,Yoan Moncada\moncayo01,-0.2,2016,21,BOS,AL,8,20,19,3,4,1,0,0,1.0,1,0.0,12.0,0.0,0.0,0.0,0.0,0.0,0.0,0.211,0.25,0.263,0.513,/*5HD
1333,Yohander Mendez\mendeyo01,,2016,21,TEX,AL,2,0,0,0,0,0,0,0,,0,,,,,,,,,,,,,/*1
1334,Yonder Alonso\alonsyo01,-0.1,2016,29,OAK,AL,156,532,482,52,122,34,0,7,56.0,45,1.0,74.0,1.0,0.0,4.0,15.0,3.0,1.0,0.253,0.316,0.367,0.683,*3H/5D
1335,Yordano Ventura\ventuyo01,0.0,2016,25,KCR,AL,32,3,3,0,1,0,0,0,0.0,0,0.0,2.0,0.0,0.0,0.0,0.0,0.0,0.0,0.333,0.333,0.333,0.667,*1
1336,Yovani Gallardo\gallayo01,0.2,2016,30,BAL,AL,24,6,4,1,2,0,0,0,0.0,1,0.0,1.0,0.0,1.0,0.0,0.0,0.0,0.0,0.5,0.6,0.5,1.1,*1/H
1337,Yu Darvish\darviyu01,0.1,2016,29,TEX,AL,17,3,3,1,1,0,0,1,1.0,0,0.0,1.0,0.0,0.0,0.0,1.0,0.0,0.0,0.333,0.333,1.333,1.667,*1
1338,Yulieski Gurriel\gourryu01,0.2,2016,32,HOU,AL,36,137,130,13,34,7,0,3,15.0,5,0.0,12.0,1.0,0.0,1.0,7.0,1.0,1.0,0.262,0.292,0.385,0.677,*5/D3H7
1339,Yunel Escobar\escobyu01,1.6,2016,33,LAA,AL,132,567,517,68,157,28,1,5,39.0,40,0.0,67.0,3.0,3.0,4.0,21.0,0.0,3.0,0.304,0.355,0.391,0.745,*5/H
1342,Zach Britton\brittza01,0.0,2016,28,BAL,AL,69,0,0,0,0,0,0,0,0.0,0,0.0,0.0,0.0,0.0,0.0,0.0,0.0,0.0,,,,,*1
1346,Zach McAllister\mcallza01,0.0,2016,28,CLE,AL,53,0,0,0,0,0,0,0,0.0,0,0.0,0.0,0.0,0.0,0.0,0.0,0.0,0.0,,,,,*1
1347,Zach Neal\nealza01,0.0,2016,27,OAK,AL,24,2,2,0,0,0,0,0,0.0,0,0.0,0.0,0.0,0.0,0.0,0.0,0.0,0.0,0.0,0.0,0.0,0.0,*1
1349,Zach Putnam\putnaza01,0.0,2016,28,CHW,AL,25,0,0,0,0,0,0,0,0.0,0,0.0,0.0,0.0,0.0,0.0,0.0,0.0,0.0,,,,,*1
